;0;0.54;1.0799;1.6199;2.1598;2.6998;3.2397;3.7797;4.3197;4.8596;5.3996;5.9395;6.4795;7.0194;7.5594;8.0994;8.6393;9.1793;9.7192;10.2592;10.7991;11.3391;11.879;12.419;12.959;13.4989;14.0389;14.5788;15.1188;15.6587;16.1987;16.7387;17.2786;17.8186;18.3585;18.8985;19.4384;19.9784;20.5184;21.0583;21.5983;22.1382;22.6782;23.2181;23.7581;24.2981;24.838;25.378;25.9179;26.4579;26.9978;27.5378;28.0778;28.6177;29.1577;29.6976;30.2376;30.7775;31.3175;31.8575;32.3974;32.9374;33.4773;34.0173;34.5572;35.0972;35.6371;36.1771;36.7171;37.257;37.797;38.3369;38.8769;39.4168;39.9568;40.4968;41.0367;41.5767;42.1166;42.6566;43.1965;43.7365;44.2765;44.8164;45.3564;45.8963;46.4363;46.9762;47.5162;48.0562;48.5961;49.1361;49.676;50.216;50.7559;51.2959;51.8359;52.3758;52.9158;53.4557;53.9957;54.5356;55.0756;55.6156;56.1555;56.6955;57.2354;57.7754;58.3153;58.8553;59.3952;59.9352;60.4752;61.0151;61.5551;62.095;62.635;63.1749;63.7149;64.2549;64.7948;65.3348;65.8747;66.4147;66.9546;67.4946;68.0346;68.5745;69.1145;69.6544
0;0:1;0:1;0:1;0:1;0:1;0:1;0:1;0:1;0:1;0:1;0:1;0:1;0:1;0:1;0:1;0:1;0:1;0:1;0:1;0:1;0:1;0:1;0:1;0:1;0:1;0:1;0:1;0:1;0:1;0:1;0:1;0:1;0:1;0:1;0:1;0:1;0:1;0:1;0:1;0:1;0:1;0:1;0:1;0:1;0:1;0:1;0:1;0:1;0:1;0:1;0:1;0:1;0:1;0:1;0:1;0:1;0:1;0:1;0:1;0:1;0:1;0:1;0:1;0:1;0:1;0:1;0:1;0:1;0:1;0:1;0:1;0:1;0:1;0:1;0:1;0:1;0:1;0:1;0:1;0:1;0:1;0:1;0:1;0:1;0:1;0:1;0:1;0:1;0:1;0:1;0:1;0:1;0:1;0:1;0:1;0:1;0:1;0:1;0:1;0:1;0:1;0:1;0:1;0:1;0:1;0:1;0:1;0:1;0:1;0:1;0:1;0:1;0:1;0:1;0:1;0:1;0:1;0:1;0:1;0:1;0:1;0:1;0:1;0:1;0:1;0:1;0:1;0:1;0:1;0:1
9;0:1;0:1;0:1;0:1;0:1;0:1;0:1;0:1;0:1;0:1;0:1;0:1;0:1;0:1;0:1;0:1;0:1;0:1;0:1;0:1;0:1;0:1;0:1;0:1;0:1;0:1;0:1;0:1;0:1;0:1;0:1;0:1;0:1;0:1;0:1;0:1;0:1;0:1;0:1;0:1;0:1;0:1;0:1;0:1;0:1;0:1;0:1;0:1;0:1;0:1;0:1;0:1;0:1;0:1;0:1;0:1;0:1;0:1;0:1;0:1;0:1;0:1;0:1;0:1;0:1;0:1;0:1;0:1;0:1;0:1;0:1;0:1;0:1;0:1;0:1;0:1;0:1;0:1;0:1;0:1;0:1;0:1;0:1;0:1;0:1;0:1;0:1;0:1;0:1;0:1;0:1;0:1;0:1;0:1;0:1;0:1;0:1;0:1;0:1;0:1;0:1;0:1;0:1;0:1;0:1;0:1;0:1;0:1;0:1;0:1;0:1;0:1;0:1;0:1;0:1;0:1;0:1;0:1;0:1;0:1;0:1;0:1;0:1;0:1;0:1;0:1;0:1;0:1;0:1;0:1
10;0:1;0:1;0.0199:1;0.0418:1;0.0636:1;0.0855:1;0.1073:1;0.1292:1;0.1472:1;0.1627:1;0.18:1;0.198:1;0.2023:1;0.2055:1;0.2261:1;0.2429:1;0.2429:1;0.2437:1;0.2463:1;0.2519:1;0.2609:1;0.2699:1;0.2789:1;0.2829:1;0.2855:1;0.2881:1;0.2906:1;0.2919:1;0.2931:1;0.2944:1;0.2957:1;0.297:1;0.2983:1;0.2996:1;0.3017:1;0.3043:1;0.3068:1;0.3094:1;0.3083:1;0.307:1;0.3057:1;0.3057:1;0.3096:1;0.3135:1;0.3173:1;0.319:1;0.319:1;0.3208:1;0.3234:1;0.3238:1;0.3238:1;0.3238:1;0.324:1;0.3253:1;0.3266:1;0.3279:1;0.3286:1;0.3286:1;0.3286:1;0.3286:1;0.3286:1;0.3286:1;0.3286:1;0.3286:1;0.3286:1;0.3286:1;0.3286:1;0.3286:1;0.3286:1;0.3286:1;0.3286:1;0.3286:1;0.3286:1;0.3286:1;0.3286:1;0.3286:1;0.3286:1;0.3286:1;0.3286:1;0.3286:1;0.3286:1;0.3286:1;0.3286:1;0.3286:1;0.3286:1;0.3286:1;0.3286:1;0.3286:1;0.3286:1;0.3286:1;0.3286:1;0.3286:1;0.3286:1;0.3286:1;0.3286:1;0.3286:1;0.3286:1;0.3286:1;0.3286:1;0.3286:1;0.3286:1;0.3286:1;0.3286:1;0.3286:1;0.3286:1;0.3286:1;0.3286:1;0.3286:1;0.3286:1;0.3286:1;0.3286:1;0.3286:1;0.3286:1;0.3286:1;0.3286:1;0.3286:1;0.3286:1;0.3286:1;0.3286:1;0.3286:1;0.3286:1;0.3286:1;0.3286:1;0.3286:1;0.3286:1;0.3286:1;0.3286:1;0.3286:1;0.3286:1;0.3286:1
20;0:1;0:1;0.2189:1;0.4593:1;0.6997:1;0.9401:1;1.1806:1;1.421:1;1.6195:1;1.7892:1;1.9798:1;2.1778:1;2.2251:1;2.2605:1;2.4868:1;2.6714:1;2.6714:1;2.6808:1;2.7091:1;2.7713:1;2.8703:1;2.9693:1;3.0683:1;3.1124:1;3.1407:1;3.169:1;3.1963:1;3.2104:1;3.2245:1;3.2387:1;3.2528:1;3.267:1;3.2811:1;3.2952:1;3.3188:1;3.3471:1;3.3753:1;3.4036:1;3.3912:1;3.377:1;3.3629:1;3.3632:1;3.4057:1;3.4481:1;3.4905:1;3.5095:1;3.5095:1;3.5293:1;3.5576:1;3.5619:1;3.5619:1;3.5619:1;3.5639:1;3.5781:1;3.5922:1;3.6064:1;3.6143:1;3.6143:1;3.6143:1;3.6143:1;3.6143:1;3.6143:1;3.6143:1;3.6143:1;3.6143:1;3.6143:1;3.6143:1;3.6143:1;3.6143:1;3.6143:1;3.6143:1;3.6143:1;3.6143:1;3.6143:1;3.6143:1;3.6143:1;3.6143:1;3.6143:1;3.6143:1;3.6143:1;3.6143:1;3.6143:1;3.6143:1;3.6143:1;3.6143:1;3.6143:1;3.6143:1;3.6143:1;3.6143:1;3.6143:1;3.6143:1;3.6143:1;3.6143:1;3.6143:1;3.6143:1;3.6143:1;3.6143:1;3.6143:1;3.6143:1;3.6143:1;3.6143:1;3.6143:1;3.6143:1;3.6143:1;3.6143:1;3.6143:1;3.6143:1;3.6143:1;3.6143:1;3.6143:1;3.6143:1;3.6143:1;3.6143:1;3.6143:1;3.6143:1;3.6143:1;3.6143:1;3.6143:1;3.6143:1;3.6143:1;3.6143:1;3.6143:1;3.6143:1;3.6143:1;3.6143:1;3.6143:1;3.6143:1;3.6143:1;3.6143:1;3.6143:1
30;0:1;0:1;0.4179:1;0.8769:1;1.3359:1;1.7948:1;2.2538:1;2.7127:1;3.0918:1;3.4158:1;3.7797:1;4.1577:1;4.2479:1;4.3156:1;4.7475:1;5.1:1;5.1:1;5.1179:1;5.1719:1;5.2907:1;5.4797:1;5.6687:1;5.8577:1;5.9419:1;5.9959:1;6.0499:1;6.1019:1;6.1289:1;6.1559:1;6.1829:1;6.2099:1;6.2369:1;6.2639:1;6.2909:1;6.3359:1;6.3898:1;6.4438:1;6.4978:1;6.4741:1;6.4471:1;6.4201:1;6.4207:1;6.5017:1;6.5827:1;6.6637:1;6.7:1;6.7:1;6.7378:1;6.7918:1;6.8:1;6.8:1;6.8:1;6.8039:1;6.8309:1;6.8579:1;6.8849:1;6.9:1;6.9:1;6.9:1;6.9:1;6.9:1;6.9:1;6.9:1;6.9:1;6.9:1;6.9:1;6.9:1;6.9:1;6.9:1;6.9:1;6.9:1;6.9:1;6.9:1;6.9:1;6.9:1;6.9:1;6.9:1;6.9:1;6.9:1;6.9:1;6.9:1;6.9:1;6.9:1;6.9:1;6.9:1;6.9:1;6.9:1;6.9:1;6.9:1;6.9:1;6.9:1;6.9:1;6.9:1;6.9:1;6.9:1;6.9:1;6.9:1;6.9:1;6.9:1;6.9:1;6.9:1;6.9:1;6.9:1;6.9:1;6.9:1;6.9:1;6.9:1;6.9:1;6.9:1;6.9:1;6.9:1;6.9:1;6.9:1;6.9:1;6.9:1;6.9:1;6.9:1;6.9:1;6.9:1;6.9:1;6.9:1;6.9:1;6.9:1;6.9:1;6.9:1;6.9:1;6.9:1;6.9:1;6.9:1;6.9:1
35;0:1;0:1;0.4879:1;1.0819:1;1.6758:1;2.2698:1;2.8637:1;3.4577:1;3.9557:1;4.3877:1;4.8197:1;5.2516:1;5.3959:1;5.5175:1;6.0035:1;6.4099:1;6.4639:1;6.5:1;6.5:1;6.5907:1;6.7797:1;6.9687:1;7.1577:1;7.2838:1;7.3918:1;7.4998:1;7.6039:1;7.6579:1;7.7119:1;7.7659:1;7.8099:1;7.8369:1;7.8639:1;7.8909:1;7.9359:1;7.9898:1;8.0438:1;8.0978:1;8.1259:1;8.1529:1;8.1799:1;8.2138:1;8.2678:1;8.3218:1;8.3758:1;8.4:1;8.4:1;8.4378:1;8.4918:1;8.5:1;8.5:1;8.5:1;8.5039:1;8.5309:1;8.5579:1;8.5849:1;8.6:1;8.6:1;8.6:1;8.6:1;8.6:1;8.6:1;8.6:1;8.6009:1;8.6279:1;8.6549:1;8.6819:1;8.7:1;8.7:1;8.7:1;8.7:1;8.7:1;8.7:1;8.7:1;8.7:1;8.7:1;8.7:1;8.7:1;8.7:1;8.7:1;8.7:1;8.7:1;8.7:1;8.7:1;8.7:1;8.7:1;8.7:1;8.7:1;8.7:1;8.7:1;8.7:1;8.7:1;8.7:1;8.7:1;8.7:1;8.7:1;8.7:1;8.7:1;8.7:1;8.7:1;8.7:1;8.7:1;8.7:1;8.7:1;8.7:1;8.7:1;8.7:1;8.7:1;8.7:1;8.7:1;8.7:1;8.7:1;8.7:1;8.7:1;8.7:1;8.7:1;8.7:1;8.7:1;8.7:1;8.7:1;8.7:1;8.7:1;8.7:1;8.7:1;8.7:1;8.7:1;8.7:1;8.7:1;8.7:1;8.7:1
40;0:1;0.1019:1;0.8039:1;1.5058:1;2.2078:1;2.9097:1;3.6117:1;4.3136:1;4.9197:1;5.4596:1;5.9996:1;6.5395:1;6.6959:1;6.8214:1;7.4153:1;7.9099:1;7.9639:1;8.0179:1;8.0719:1;8.2296:1;8.4996:1;8.7695:1;9.0395:1;9.1629:1;9.2438:1;9.3248:1;9.4039:1;9.4579:1;9.5119:1;9.5659:1;9.6199:1;9.6739:1;9.7279:1;9.7819:1;9.8359:1;9.8898:1;9.9438:1;9.9978:1;10.0518:1;10.1058:1;10.1598:1;10.2069:1;10.2339:1;10.2609:1;10.2879:1;10.3298:1;10.3838:1;10.4:1;10.4:1;10.4229:1;10.4499:1;10.4769:1;10.5039:1;10.5309:1;10.5579:1;10.5849:1;10.6:1;10.6:1;10.6:1;10.6:1;10.6199:1;10.6469:1;10.6739:1;10.7043:1;10.8393:1;10.9743:1;11.1093:1;11.2:1;11.2:1;11.2:1;11.2:1;11.2:1;11.2:1;11.2:1;11.2:1;11.2:1;11.2:1;11.2:1;11.2:1;11.2:1;11.2:1;11.2:1;11.2:1;11.2:1;11.2:1;11.2:1;11.2:1;11.2:1;11.2:1;11.2:1;11.2:1;11.2:1;11.2:1;11.2:1;11.2:1;11.2:1;11.2:1;11.2:1;11.2:1;11.2:1;11.2:1;11.2:1;11.2:1;11.2:1;11.2:1;11.2:1;11.2:1;11.2:1;11.2:1;11.2:1;11.2:1;11.2:1;11.2:1;11.2:1;11.2:1;11.2:1;11.2:1;11.2:1;11.2:1;11.2:1;11.2:1;11.2:1;11.2:1;11.2:1;11.2:1;11.2:1;11.2:1;11.2:1;11.2:1;11.2:1
45;0:1;0.2559:1;1.0119:1;1.7678:1;2.5238:1;3.2797:1;4.0356:1;4.7916:1;5.4516:1;6.0456:1;6.5996:1;7.1395:1;7.4397:1;7.7136:1;8.0916:1;8.4099:1;8.4639:1;8.5179:1;8.5719:1;8.7166:1;8.9596:1;9.2026:1;9.4456:1;9.5838:1;9.6918:1;9.7998:1;9.9039:1;9.9579:1;10.0119:1;10.0659:1;10.1298:1;10.2108:1;10.2918:1;10.3728:1;10.4359:1;10.4898:1;10.5438:1;10.5978:1;10.6259:1;10.6529:1;10.6799:1;10.7138:1;10.7678:1;10.8218:1;10.8758:1;10.9298:1;10.9838:1;11:1;11:1;11.0229:1;11.0499:1;11.0769:1;11.1039:1;11.1309:1;11.1579:1;11.1849:1;11.2119:1;11.2389:1;11.2659:1;11.2929:1;11.3199:1;11.3469:1;11.3739:1;11.4:1;11.4:1;11.4:1;11.4:1;11.4:1;11.4:1;11.4:1;11.4:1;11.4:1;11.4:1;11.4:1;11.4:1;11.4:1;11.4:1;11.4:1;11.4:1;11.4:1;11.4:1;11.4:1;11.4:1;11.4:1;11.4:1;11.4:1;11.4:1;11.4:1;11.4:1;11.4:1;11.4:1;11.4:1;11.4:1;11.4:1;11.4:1;11.4:1;11.4:1;11.4:1;11.4:1;11.4:1;11.4:1;11.4:1;11.4:1;11.4:1;11.4:1;11.4:1;11.4:1;11.4:1;11.4:1;11.4:1;11.4:1;11.4:1;11.4:1;11.4:1;11.4:1;11.4:1;11.4:1;11.4:1;11.4:1;11.4:1;11.4:1;11.4:1;11.4:1;11.4:1;11.4:1;11.4:1;11.4:1;11.4:1;11.4:1;11.4:1
50;0:1;0.2369:1;1.0739:1;1.9108:1;2.7477:1;3.5847:1;4.4216:1;5.2585:1;5.9197:1;6.4596:1;7.0395:1;7.6335:1;7.8438:1;8.0078:1;8.2238:1;8.4298:1;8.5918:1;8.7538:1;8.9158:1;9.1166:1;9.3596:1;9.6026:1;9.8456:1;9.9838:1;10.0918:1;10.1998:1;10.3058:1;10.3868:1;10.4678:1;10.5488:1;10.6298:1;10.7108:1;10.7918:1;10.8728:1;10.9359:1;10.9898:1;11.0438:1;11.0978:1;11.1518:1;11.2058:1;11.2598:1;11.3138:1;11.3678:1;11.4218:1;11.4758:1;11.5298:1;11.5838:1;11.6378:1;11.6918:1;11.7229:1;11.7499:1;11.7769:1;11.8078:1;11.8618:1;11.9158:1;11.9698:1;12.0119:1;12.0389:1;12.0659:1;12.0929:1;12.1199:1;12.1469:1;12.1739:1;12.2:1;12.2:1;12.2:1;12.2:1;12.2:1;12.2:1;12.2:1;12.2:1;12.2:1;12.2:1;12.2:1;12.2:1;12.2:1;12.2:1;12.2:1;12.2:1;12.2:1;12.2:1;12.2:1;12.2:1;12.2:1;12.2:1;12.2:1;12.2:1;12.2:1;12.2:1;12.2:1;12.2:1;12.2:1;12.2:1;12.2:1;12.2:1;12.2:1;12.2:1;12.2:1;12.2:1;12.2:1;12.2:1;12.2:1;12.2:1;12.2:1;12.2:1;12.2:1;12.2:1;12.2:1;12.2:1;12.2:1;12.2:1;12.2:1;12.2:1;12.2:1;12.2:1;12.2:1;12.2:1;12.2:1;12.2:1;12.2:1;12.2:1;12.2:1;12.2:1;12.2:1;12.2:1;12.2:1;12.2:1;12.2:1;12.2:1;12.2:1
55;0:1;0.2909:1;1.1819:1;2.0728:1;2.9637:1;3.8546:1;4.7456:1;5.6365:1;6.3516:1;6.9456:1;7.4996:1;8.0395:1;8.2438:1;8.4039:1;8.5119:1;8.6397:1;8.8557:1;9.0538:1;9.2158:1;9.4296:1;9.6996:1;9.9695:1;10.2395:1;10.3629:1;10.4438:1;10.5248:1;10.6078:1;10.7158:1;10.8238:1;10.9317:1;11.0298:1;11.1108:1;11.1918:1;11.2728:1;11.3538:1;11.4348:1;11.5158:1;11.5968:1;11.6518:1;11.7058:1;11.7598:1;11.8207:1;11.9017:1;11.9827:1;12.0637:1;12.1298:1;12.1838:1;12.2378:1;12.2918:1;12.3458:1;12.3998:1;12.4538:1;12.5117:1;12.5927:1;12.6737:1;12.7546:1;12.8119:1;12.8389:1;12.8659:1;12.8929:1;12.9397:1;12.9937:1;13.0477:1;13.1009:1;13.1279:1;13.1549:1;13.1819:1;13.2:1;13.2:1;13.2:1;13.2:1;13.2:1;13.2:1;13.2:1;13.2:1;13.2:1;13.2:1;13.2:1;13.2:1;13.2:1;13.2:1;13.2:1;13.2:1;13.2:1;13.2:1;13.2:1;13.2:1;13.2:1;13.2:1;13.2:1;13.2:1;13.2:1;13.2:1;13.2:1;13.2:1;13.2:1;13.2:1;13.2:1;13.2:1;13.2:1;13.2:1;13.2:1;13.2:1;13.2:1;13.2:1;13.2:1;13.2:1;13.2:1;13.2:1;13.2:1;13.2:1;13.2:1;13.2:1;13.2:1;13.2:1;13.2:1;13.2:1;13.2:1;13.2:1;13.2:1;13.2:1;13.2:1;13.2:1;13.2:1;13.2:1;13.2:1;13.2:1;13.2:1;13.2:1;13.2:1
60;0:1;0.4179:1;1.3359:1;2.2538:1;3.1717:1;4.0896:1;5.0076:1;5.9255:1;6.6516:1;7.2456:1;7.8395:1;8.4335:1;8.6438:1;8.8039:1;8.9119:1;9.0298:1;9.1918:1;9.3538:1;9.5158:1;9.7296:1;9.9996:1;10.2695:1;10.5395:1;10.6838:1;10.7918:1;10.8998:1;11.0078:1;11.1158:1;11.2238:1;11.3317:1;11.4298:1;11.5108:1;11.5918:1;11.6728:1;11.7538:1;11.8348:1;11.9158:1;11.9968:1;12.0778:1;12.1587:1;12.2397:1;12.3207:1;12.4017:1;12.4827:1;12.5637:1;12.6596:1;12.7676:1;12.8378:1;12.8918:1;12.9687:1;13.0497:1;13.1307:1;13.2117:1;13.2927:1;13.3737:1;13.4546:1;13.5238:1;13.5778:1;13.6317:1;13.6857:1;13.7596:1;13.8406:1;13.9216:1;14.0009:1;14.0279:1;14.0549:1;14.0819:1;14.1:1;14.1:1;14.1:1;14.1:1;14.1:1;14.1:1;14.1:1;14.1:1;14.1:1;14.1:1;14.1:1;14.1:1;14.1:1;14.1:1;14.1:1;14.1:1;14.1:1;14.1:1;14.1:1;14.1:1;14.1:1;14.1:1;14.1:1;14.1:1;14.1:1;14.1:1;14.1:1;14.1:1;14.1:1;14.1:1;14.1:1;14.1:1;14.1:1;14.1:1;14.1:1;14.1:1;14.1:1;14.1:1;14.1:1;14.1:1;14.1:1;14.1:1;14.1:1;14.1:1;14.1:1;14.1:1;14.1:1;14.1:1;14.1:1;14.1:1;14.1:1;14.1:1;14.1:1;14.1:1;14.1:1;14.1:1;14.1:1;14.1:1;14.1:1;14.1:1;14.1:1;14.1:1;14.1:1
65;0:1;0.4449:1;1.3898:1;2.3348:1;3.2797:1;4.2246:1;5.1695:1;6.1145:1;6.8836:1;7.5315:1;8.1395:1;8.7335:1;8.8959:1;9.0058:1;9.1678:1;9.3298:1;9.4918:1;9.6538:1;9.8158:1;10.0296:1;10.2996:1;10.5695:1;10.8395:1;11.0048:1;11.1397:1;11.2747:1;11.4078:1;11.5158:1;11.6238:1;11.7317:1;11.8397:1;11.9477:1;12.0557:1;12.1637:1;12.2717:1;12.3797:1;12.4877:1;12.5957:1;12.7037:1;12.8117:1;12.9197:1;13.0276:1;13.1356:1;13.2436:1;13.3516:1;13.4596:1;13.5676:1;13.6756:1;13.7836:1;13.8687:1;13.9497:1;14.0307:1;14.1156:1;14.2235:1;14.3315:1;14.4395:1;14.5475:1;14.6555:1;14.7635:1;14.8715:1;14.9795:1;15.0875:1;15.1955:1;15.3009:1;15.3279:1;15.3549:1;15.3819:1;15.4:1;15.4:1;15.4:1;15.4:1;15.4:1;15.4:1;15.4:1;15.4:1;15.4:1;15.4:1;15.4:1;15.4:1;15.4:1;15.4:1;15.4:1;15.4:1;15.4:1;15.4:1;15.4:1;15.4:1;15.4:1;15.4:1;15.4:1;15.4:1;15.4:1;15.4:1;15.4:1;15.4:1;15.4:1;15.4:1;15.4:1;15.4:1;15.4:1;15.4:1;15.4:1;15.4:1;15.4:1;15.4:1;15.4:1;15.4:1;15.4:1;15.4:1;15.4:1;15.4:1;15.4:1;15.4:1;15.4:1;15.4:1;15.4:1;15.4:1;15.4:1;15.4:1;15.4:1;15.4:1;15.4:1;15.4:1;15.4:1;15.4:1;15.4:1;15.4:1;15.4:1;15.4:1;15.4:1
70;0:1;0.5719:1;1.5438:1;2.5158:1;3.4877:1;4.4596:1;5.4315:1;6.4035:1;7.1516:1;7.7456:1;8.3395:1;8.9335:1;9.1438:1;9.3039:1;9.4119:1;9.5298:1;9.6918:1;9.8538:1;10.0158:1;10.2555:1;10.5795:1;10.9035:1;11.2274:1;11.3838:1;11.4918:1;11.5998:1;11.7097:1;11.8447:1;11.9797:1;12.1147:1;12.2497:1;12.3847:1;12.5197:1;12.6546:1;12.7896:1;12.9246:1;13.0596:1;13.1946:1;13.3296:1;13.4646:1;13.5996:1;13.7346:1;13.8695:1;14.0045:1;14.1395:1;14.2596:1;14.3676:1;14.4756:1;14.5836:1;14.7145:1;14.8495:1;14.9844:1;15.1156:1;15.2235:1;15.3315:1;15.4395:1;15.5594:1;15.6944:1;15.8294:1;15.9644:1;16.0994:1;16.2343:1;16.3693:1;16.5026:1;16.5836:1;16.6646:1;16.7456:1;16.8:1;16.8:1;16.8:1;16.8:1;16.8:1;16.8:1;16.8:1;16.8:1;16.8:1;16.8:1;16.8:1;16.8:1;16.8:1;16.8:1;16.8:1;16.8:1;16.8:1;16.8:1;16.8:1;16.8:1;16.8:1;16.8:1;16.8:1;16.8:1;16.8:1;16.8:1;16.8:1;16.8:1;16.8:1;16.8:1;16.8:1;16.8:1;16.8:1;16.8:1;16.8:1;16.8:1;16.8:1;16.8:1;16.8:1;16.8:1;16.8:1;16.8:1;16.8:1;16.8:1;16.8:1;16.8:1;16.8:1;16.8:1;16.8:1;16.8:1;16.8:1;16.8:1;16.8:1;16.8:1;16.8:1;16.8:1;16.8:1;16.8:1;16.8:1;16.8:1;16.8:1;16.8:1;16.8:1
75;0:1;0.6719:1;1.6438:1;2.6158:1;3.5877:1;4.5596:1;5.5315:1;6.5035:1;7.2516:1;7.8456:1;8.4395:1;9.0335:1;9.2918:1;9.5078:1;9.7238:1;9.9298:1;10.0918:1;10.2359:1;10.3438:1;10.5425:1;10.8395:1;11.1365:1;11.4335:1;11.6257:1;11.7877:1;11.9497:1;12.1097:1;12.2447:1;12.3797:1;12.5147:1;12.6596:1;12.8216:1;12.9836:1;13.1456:1;13.3076:1;13.4695:1;13.6315:1;13.7935:1;13.9296:1;14.0646:1;14.1996:1;14.3346:1;14.4695:1;14.6045:1;14.7395:1;14.8894:1;15.0514:1;15.1756:1;15.2836:1;15.4145:1;15.5495:1;15.6844:1;15.8194:1;15.9544:1;16.0894:1;16.2244:1;16.3713:1;16.5333:1;16.6952:1;16.8572:1;16.9994:1;17.1343:1;17.2693:1;17.4026:1;17.4836:1;17.5646:1;17.6456:1;17.7:1;17.7:1;17.7:1;17.7:1;17.7:1;17.7:1;17.7:1;17.7:1;17.7:1;17.7:1;17.7:1;17.7:1;17.7:1;17.7:1;17.7:1;17.7:1;17.7:1;17.7:1;17.7:1;17.7:1;17.7:1;17.7:1;17.7:1;17.7:1;17.7:1;17.7:1;17.7:1;17.7:1;17.7:1;17.7:1;17.7:1;17.7:1;17.7:1;17.7:1;17.7:1;17.7:1;17.7:1;17.7:1;17.7:1;17.7:1;17.7:1;17.7:1;17.7:1;17.7:1;17.7:1;17.7:1;17.7:1;17.7:1;17.7:1;17.7:1;17.7:1;17.7:1;17.7:1;17.7:1;17.7:1;17.7:1;17.7:1;17.7:1;17.7:1;17.7:1;17.7:1;17.7:1;17.7:1
80;0:1;0.7719:1;1.7438:1;2.7158:1;3.6877:1;4.6596:1;5.6315:1;6.6035:1;7.3516:1;7.9456:1;8.5395:1;9.1335:1;9.4877:1;9.8117:1;10.1356:1;10.4099:1;10.4639:1;10.5179:1;10.5719:1;10.7425:1;11.0395:1;11.3365:1;11.6335:1;11.8467:1;12.0356:1;12.2246:1;12.4117:1;12.5737:1;12.7356:1;12.8976:1;13.0695:1;13.2585:1;13.4475:1;13.6365:1;13.8076:1;13.9695:1;14.1315:1;14.2935:1;14.4555:1;14.6175:1;14.7795:1;14.9346:1;15.0695:1;15.2045:1;15.3395:1;15.4894:1;15.6514:1;15.8134:1;15.9754:1;16.1145:1;16.2495:1;16.3844:1;16.5233:1;16.6853:1;16.8473:1;17.0093:1;17.1713:1;17.3333:1;17.4952:1;17.6572:1;17.7994:1;17.9343:1;18.0693:1;18.2035:1;18.3114:1;18.4194:1;18.5274:1;18.6:1;18.6:1;18.6:1;18.6:1;18.6:1;18.6:1;18.6:1;18.6:1;18.6:1;18.6:1;18.6:1;18.6:1;18.6:1;18.6:1;18.6:1;18.6:1;18.6:1;18.6:1;18.6:1;18.6:1;18.6:1;18.6:1;18.6:1;18.6:1;18.6:1;18.6:1;18.6:1;18.6:1;18.6:1;18.6:1;18.6:1;18.6:1;18.6:1;18.6:1;18.6:1;18.6:1;18.6:1;18.6:1;18.6:1;18.6:1;18.6:1;18.6:1;18.6:1;18.6:1;18.6:1;18.6:1;18.6:1;18.6:1;18.6:1;18.6:1;18.6:1;18.6:1;18.6:1;18.6:1;18.6:1;18.6:1;18.6:1;18.6:1;18.6:1;18.6:1;18.6:1;18.6:1;18.6:1
85;0:1;0.7719:1;1.7438:1;2.7158:1;3.6877:1;4.6596:1;5.6315:1;6.6035:1;7.3516:1;7.9456:1;8.5795:1;9.2274:1;9.5877:1;9.9136:1;10.2916:1;10.6199:1;10.7279:1;10.8359:1;10.9438:1;11.1166:1;11.3596:1;11.6026:1;11.8456:1;12.0676:1;12.2836:1;12.4996:1;12.7136:1;12.9026:1;13.0916:1;13.2806:1;13.4795:1;13.6955:1;13.9114:1;14.1274:1;14.3434:1;14.5594:1;14.7754:1;14.9914:1;15.1814:1;15.3704:1;15.5594:1;15.7484:1;15.9374:1;16.1263:1;16.3153:1;16.4894:1;16.6514:1;16.8134:1;16.9754:1;17.1145:1;17.2495:1;17.3844:1;17.5194:1;17.6544:1;17.7894:1;17.9244:1;18.0594:1;18.1944:1;18.3294:1;18.4644:1;18.5994:1;18.7343:1;18.8693:1;19.0026:1;19.0836:1;19.1646:1;19.2456:1;19.3:1;19.3:1;19.3:1;19.3:1;19.3:1;19.3:1;19.3:1;19.3:1;19.3:1;19.3:1;19.3:1;19.3:1;19.3:1;19.3:1;19.3:1;19.3:1;19.3:1;19.3:1;19.3:1;19.3:1;19.3:1;19.3:1;19.3:1;19.3:1;19.3:1;19.3:1;19.3:1;19.3:1;19.3:1;19.3:1;19.3:1;19.3:1;19.3:1;19.3:1;19.3:1;19.3:1;19.3:1;19.3:1;19.3:1;19.3:1;19.3:1;19.3:1;19.3:1;19.3:1;19.3:1;19.3:1;19.3:1;19.3:1;19.3:1;19.3:1;19.3:1;19.3:1;19.3:1;19.3:1;19.3:1;19.3:1;19.3:1;19.3:1;19.3:1;19.3:1;19.3:1;19.3:1;19.3:1
90;0:1;0.7719:1;1.7438:1;2.7158:1;3.6877:1;4.6596:1;5.6315:1;6.6035:1;7.3836:1;8.0315:1;8.6395:1;9.2335:1;9.6356:1;10.0136:1;10.3916:1;10.7397:1;10.9557:1;11.1538:1;11.3158:1;11.5037:1;11.7197:1;11.9356:1;12.1516:1;12.3676:1;12.5836:1;12.7996:1;13.0156:1;13.2315:1;13.4475:1;13.6635:1;13.8994:1;14.1693:1;14.4393:1;14.7093:1;14.9613:1;15.2043:1;15.4473:1;15.6903:1;15.9073:1;16.1233:1;16.3393:1;16.5553:1;16.7713:1;16.9873:1;17.2032:1;17.4192:1;17.6352:1;17.7756:1;17.8836:1;18.0374:1;18.1994:1;18.3613:1;18.5156:1;18.6235:1;18.7315:1;18.8395:1;18.9119:1;18.9389:1;18.9659:1;18.9929:1;19.159:1;19.3749:1;19.5909:1;19.8017:1;19.8557:1;19.9097:1;19.9637:1;20:1;20:1;20:1;20:1;20:1;20:1;20:1;20:1;20:1;20:1;20:1;20:1;20:1;20:1;20:1;20:1;20:1;20:1;20:1;20:1;20:1;20:1;20:1;20:1;20:1;20:1;20:1;20:1;20:1;20:1;20:1;20:1;20:1;20:1;20:1;20:1;20:1;20:1;20:1;20:1;20:1;20:1;20:1;20:1;20:1;20:1;20:1;20:1;20:1;20:1;20:1;20:1;20:1;20:1;20:1;20:1;20:1;20:1;20:1;20:1;20:1;20:1;20:1
95;0:1;0.6719:1;1.6438:1;2.6158:1;3.5877:1;4.5596:1;5.5315:1;6.5035:1;7.2516:1;7.8456:1;8.4795:1;9.1274:1;9.5356:1;9.9136:1;10.2916:1;10.6497:1;10.9197:1;11.1896:1;11.4596:1;11.7037:1;11.9197:1;12.1356:1;12.3516:1;12.5886:1;12.8315:1;13.0745:1;13.3194:1;13.5894:1;13.8594:1;14.1294:1;14.3994:1;14.6693:1;14.9393:1;15.2093:1;15.4793:1;15.7492:1;16.0192:1;16.2892:1;16.4814:1;16.6704:1;16.8594:1;17.0553:1;17.2713:1;17.4873:1;17.7032:1;17.8894:1;18.0514:1;18.1756:1;18.2836:1;18.3916:1;18.4996:1;18.6076:1;18.7117:1;18.7927:1;18.8737:1;18.9546:1;19.0475:1;19.1555:1;19.2635:1;19.3715:1;19.4795:1;19.5875:1;19.6955:1;19.8009:1;19.8279:1;19.8549:1;19.8819:1;19.9:1;19.9:1;19.9:1;19.9:1;19.9:1;19.9:1;19.9:1;19.9:1;19.9:1;19.9:1;19.9:1;19.9:1;19.9:1;19.9:1;19.9:1;19.9:1;19.9:1;19.9:1;19.9:1;19.9:1;19.9:1;19.9:1;19.9:1;19.9:1;19.9:1;19.9:1;19.9:1;19.9:1;19.9:1;19.9:1;19.9:1;19.9:1;19.9:1;19.9:1;19.9:1;19.9:1;19.9:1;19.9:1;19.9:1;19.9:1;19.9:1;19.9:1;19.9:1;19.9:1;19.9:1;19.9:1;19.9:1;19.9:1;19.9:1;19.9:1;19.9:1;19.9:1;19.9:1;19.9:1;19.9:1;19.9:1;19.9:1;19.9:1;19.9:1;19.9:1;19.9:1;19.9:1;19.9:1
100;0:1;0.5719:1;1.5438:1;2.5158:1;3.4877:1;4.4596:1;5.4315:1;6.4035:1;7.1516:1;7.7456:1;8.3395:1;8.9335:1;9.3356:1;9.7165:1;10.1755:1;10.6046:1;10.9016:1;11.2076:1;11.5315:1;11.8037:1;12.0197:1;12.2356:1;12.4516:1;12.7095:1;12.9795:1;13.2495:1;13.5233:1;13.8473:1;14.1713:1;14.4952:1;14.8093:1;15.1063:1;15.4032:1;15.7002:1;15.9972:1;16.2942:1;16.5911:1;16.8881:1;17.0814:1;17.2704:1;17.4594:1;17.6484:1;17.8374:1;18.0263:1;18.2153:1;18.3894:1;18.5514:1;18.6378:1;18.6918:1;18.7687:1;18.8497:1;18.9307:1;19.0078:1;19.0618:1;19.1158:1;19.1698:1;19.2356:1;19.3166:1;19.3976:1;19.4786:1;19.5596:1;19.6406:1;19.7216:1;19.8009:1;19.8279:1;19.8549:1;19.8819:1;19.9:1;19.9:1;19.9:1;19.9:1;19.9:1;19.9:1;19.9:1;19.9:1;19.9:1;19.9:1;19.9:1;19.9:1;19.9:1;19.9:1;19.9:1;19.9:1;19.9:1;19.9:1;19.9:1;19.9:1;19.9:1;19.9:1;19.9:1;19.9:1;19.9:1;19.9:1;19.9:1;19.9:1;19.9:1;19.9:1;19.9:1;19.9:1;19.9:1;19.9:1;19.9:1;19.9:1;19.9:1;19.9:1;19.9:1;19.9:1;19.9:1;19.9:1;19.9:1;19.9:1;19.9:1;19.9:1;19.9:1;19.9:1;19.9:1;19.9:1;19.9:1;19.9:1;19.9:1;19.9:1;19.9:1;19.9:1;19.9:1;19.9:1;19.9:1;19.9:1;19.9:1;19.9:1;19.9:1
105;0:1;0.4449:1;1.3898:1;2.3348:1;3.2797:1;4.2246:1;5.1695:1;6.1145:1;6.9156:1;7.6175:1;8.2395:1;8.8335:1;9.2836:1;9.7156:1;10.1475:1;10.5497:1;10.8197:1;11.1076:1;11.4315:1;11.7296:1;11.9996:1;12.2695:1;12.5395:1;12.8095:1;13.0795:1;13.3495:1;13.6253:1;13.9762:1;14.3272:1;14.6782:1;15.0093:1;15.3063:1;15.6032:1;15.9002:1;16.1972:1;16.4942:1;16.7911:1;17.0881:1;17.2555:1;17.4175:1;17.5795:1;17.7415:1;17.9035:1;18.0654:1;18.2274:1;18.3894:1;18.5514:1;18.6756:1;18.7836:1;18.8916:1;18.9996:1;19.1076:1;19.2156:1;19.3235:1;19.4315:1;19.5395:1;19.6475:1;19.7555:1;19.8635:1;19.9715:1;20.0795:1;20.1875:1;20.2955:1;20.4017:1;20.4557:1;20.5097:1;20.5637:1;20.6:1;20.6:1;20.6:1;20.6:1;20.6:1;20.6:1;20.6:1;20.6:1;20.6:1;20.6:1;20.6:1;20.6:1;20.6:1;20.6:1;20.6:1;20.6:1;20.6:1;20.6:1;20.6:1;20.6:1;20.6:1;20.6:1;20.6:1;20.6:1;20.6:1;20.6:1;20.6:1;20.6:1;20.6:1;20.6:1;20.6:1;20.6:1;20.6:1;20.6:1;20.6:1;20.6:1;20.6:1;20.6:1;20.6:1;20.6:1;20.6:1;20.6:1;20.6:1;20.6:1;20.6:1;20.6:1;20.6:1;20.6:1;20.6:1;20.6:1;20.6:1;20.6:1;20.6:1;20.6:1;20.6:1;20.6:1;20.6:1;20.6:1;20.6:1;20.6:1;20.6:1;20.6:1;20.6:1
110;0:1;0.0449:1;0.9898:1;1.9348:1;2.8797:1;3.8246:1;4.7695:1;5.7145:1;6.4836:1;7.1315:1;7.7795:1;8.4274:1;8.8836:1;9.3175:1;9.8035:1;10.2397:1;10.4557:1;10.6896:1;10.9596:1;11.2555:1;11.5795:1;11.9035:1;12.2274:1;12.5095:1;12.7795:1;13.0495:1;13.3253:1;13.6762:1;14.0272:1;14.3782:1;14.7192:1;15.0432:1;15.3672:1;15.6911:1;15.9972:1;16.2942:1;16.5911:1;16.8881:1;17.0037:1;17.1117:1;17.2197:1;17.3346:1;17.4695:1;17.6045:1;17.7395:1;17.8596:1;17.9676:1;18.1134:1;18.2754:1;18.4374:1;18.5994:1;18.7613:1;18.9233:1;19.0853:1;19.2473:1;19.4093:1;19.4525:1;19.3445:1;19.2365:1;19.1285:1;19.1994:1;19.3343:1;19.4693:1;19.6112:1;19.9622:1;20.3132:1;20.6641:1;20.9:1;20.9:1;20.9:1;20.9:1;20.9:1;20.9:1;20.9:1;20.9:1;20.9:1;20.9:1;20.9:1;20.9:1;20.9:1;20.9:1;20.9:1;20.9:1;20.9:1;20.9:1;20.9:1;20.9:1;20.9:1;20.9:1;20.9:1;20.9:1;20.9:1;20.9:1;20.9:1;20.9:1;20.9:1;20.9:1;20.9:1;20.9:1;20.9:1;20.9:1;20.9:1;20.9:1;20.9:1;20.9:1;20.9:1;20.9:1;20.9:1;20.9:1;20.9:1;20.9:1;20.9:1;20.9:1;20.9:1;20.9:1;20.9:1;20.9:1;20.9:1;20.9:1;20.9:1;20.9:1;20.9:1;20.9:1;20.9:1;20.9:1;20.9:1;20.9:1;20.9:1;20.9:1;20.9:1
111;0:1;0.0184:1;0.9569:1;1.8953:1;2.8338:1;3.7722:1;4.7107:1;5.6491:1;6.4213:1;7.079:1;7.7375:1;8.4002:2;8.9019:2;9.3756:2;9.8075:2;10.2057:1;10.4285:2;10.6456:1;10.8853:1;11.1699:1;11.5031:1;11.8362:1;12.1694:1;12.4573:1;12.7321:1;13.0344:2;13.3468:2;13.7194:2;14.092:2;14.4645:2;14.8172:2;15.1358:2;15.4544:2;15.773:2;16.0772:2;16.3742:2;16.6711:2;16.9681:2;17.094:2;17.2128:2;17.3316:2;17.4573:2;17.6031:2;17.7489:2;17.8947:2;18.0256:2;18.1444:2;18.2934:2;18.4554:2;18.6219:2;18.7893:2;18.9567:2;19.1241:2;19.2915:2;19.4589:2;19.6263:2;19.6725:2;19.5645:2;19.4565:2;19.3485:2;19.4194:2;19.5543:2;19.6893:2;19.8314:2;20.1878:2;20.5441:2;20.9005:2;21.14:2;21.14:2;21.14:2;21.14:2;21.14:2;21.14:2;21.14:2;21.14:2;21.14:2;21.14:2;21.14:2;21.14:2;21.14:2;21.14:2;21.14:2;21.14:2;21.14:2;21.14:2;21.14:2;21.14:2;21.14:2;21.14:2;21.14:2;21.14:2;21.14:2;21.14:2;21.14:2;21.14:2;21.14:2;21.14:2;21.14:2;21.14:2;21.14:2;21.14:2;21.14:2;21.14:2;21.14:2;21.14:2;21.14:2;21.14:2;21.14:2;21.14:2;21.14:2;21.14:2;21.14:2;21.14:2;21.14:2;21.14:2;21.14:2;21.14:2;21.14:2;21.14:2;21.14:2;21.14:2;21.14:2;21.14:2;21.14:2;21.14:2;21.14:2;21.14:2;21.14:2;21.14:2;21.14:2
112;0:1;0.0087:2;0.9375:2;1.8662:2;2.7949:2;3.7236:2;4.6524:2;5.5838:1;6.3628:2;7.0431:2;7.7554:2;8.479:2;8.9724:2;9.4356:2;9.8675:2;10.2637:2;10.5013:2;10.7281:2;10.9333:2;11.1981:2;11.5275:2;11.8568:2;12.1862:2;12.5072:2;12.8258:2;13.1444:2;13.4664:2;13.8336:2;14.2008:2;14.5679:2;14.9152:2;15.2284:2;15.5416:2;15.8548:2;16.1572:2;16.4542:2;16.7511:2;17.0481:2;17.1844:2;17.314:2;17.4436:2;17.5801:2;17.7367:2;17.8933:2;18.0498:2;18.1915:2;18.3211:2;18.4734:2;18.6354:2;18.8065:2;18.9793:2;19.1521:2;19.3249:2;19.4977:2;19.6705:2;19.8432:2;19.8925:2;19.7845:2;19.6765:2;19.5685:2;19.6394:2;19.7743:2;19.9093:2;20.0516:2;20.4133:2;20.7751:2;21.1369:2;21.38:2;21.38:2;21.38:2;21.38:2;21.38:2;21.38:2;21.38:2;21.38:2;21.38:2;21.38:2;21.38:2;21.38:2;21.38:2;21.38:2;21.38:2;21.38:2;21.38:2;21.38:2;21.38:2;21.38:2;21.38:2;21.38:2;21.38:2;21.38:2;21.38:2;21.38:2;21.38:2;21.38:2;21.38:2;21.38:2;21.38:2;21.38:2;21.38:2;21.38:2;21.38:2;21.38:2;21.38:2;21.38:2;21.38:2;21.38:2;21.38:2;21.38:2;21.38:2;21.38:2;21.38:2;21.38:2;21.38:2;21.38:2;21.38:2;21.38:2;21.38:2;21.38:2;21.38:2;21.38:2;21.38:2;21.38:2;21.38:2;21.38:2;21.38:2;21.38:2;21.38:2;21.38:2;21.38:2
113;0:1;0.0541:2;0.9883:2;1.9224:2;2.8565:2;3.7906:2;4.7248:2;5.6589:2;6.4364:2;7.1059:2;7.8234:2;8.5578:2;9.0428:2;9.4956:2;9.9275:2;10.3257:2;10.5741:2;10.8153:2;11.0421:2;11.3129:2;11.6315:2;11.9501:2;12.2686:2;12.5956:2;12.925:2;13.2543:2;13.586:2;13.9478:2;14.3096:2;14.6714:2;15.0133:2;15.321:2;15.6288:2;15.9366:2;16.2372:2;16.5342:2;16.8311:2;17.1281:2;17.2748:2;17.4152:2;17.5556:2;17.7029:2;17.8702:2;18.0376:2;18.205:2;18.3575:2;18.4979:2;18.6534:2;18.8154:2;18.9911:2;19.1693:2;19.3475:2;19.5257:2;19.7038:2;19.882:2;20.0602:2;20.1125:2;20.0045:2;19.8965:2;19.7885:2;19.8594:2;19.9943:2;20.1293:2;20.2717:2;20.6389:2;21.0061:2;21.3733:2;21.62:2;21.62:2;21.62:2;21.62:2;21.62:2;21.62:2;21.62:2;21.62:2;21.62:2;21.62:2;21.62:2;21.62:2;21.62:2;21.62:2;21.62:2;21.62:2;21.62:2;21.62:2;21.62:2;21.62:2;21.62:2;21.62:2;21.62:2;21.62:2;21.62:2;21.62:2;21.62:2;21.62:2;21.62:2;21.62:2;21.62:2;21.62:2;21.62:2;21.62:2;21.62:2;21.62:2;21.62:2;21.62:2;21.62:2;21.62:2;21.62:2;21.62:2;21.62:2;21.62:2;21.62:2;21.62:2;21.62:2;21.62:2;21.62:2;21.62:2;21.62:2;21.62:2;21.62:2;21.62:2;21.62:2;21.62:2;21.62:2;21.62:2;21.62:2;21.62:2;21.62:2;21.62:2;21.62:2
115;0:1;0.1449:2;1.0898:2;2.0348:2;2.9797:2;3.9246:2;4.8695:2;5.8145:2;6.5836:2;7.2315:2;7.9594:2;8.7153:2;9.1836:2;9.6156:2;10.0475:2;10.4497:2;10.7197:2;10.9896:2;11.2596:2;11.5425:2;11.8395:2;12.1365:2;12.4335:2;12.7724:2;13.1233:2;13.4743:2;13.8253:2;14.1762:2;14.5272:2;14.8782:2;15.2093:2;15.5063:2;15.8032:2;16.1002:2;16.3972:2;16.6942:2;16.9911:2;17.2881:2;17.4555:2;17.6175:2;17.7795:2;17.9484:2;18.1374:2;18.3263:2;18.5153:2;18.6894:2;18.8514:2;19.0134:2;19.1754:2;19.3603:2;19.5492:2;19.7382:2;19.9272:2;20.1162:2;20.3052:2;20.4942:2;20.5525:2;20.4445:2;20.3365:2;20.2285:2;20.2994:2;20.4343:2;20.5693:2;20.7121:2;21.0901:2;21.468:2;21.846:2;22.1:2;22.1:2;22.1:2;22.1:2;22.1:2;22.1:2;22.1:2;22.1:2;22.1:2;22.1:2;22.1:2;22.1:2;22.1:2;22.1:2;22.1:2;22.1:2;22.1:2;22.1:2;22.1:2;22.1:2;22.1:2;22.1:2;22.1:2;22.1:2;22.1:2;22.1:2;22.1:2;22.1:2;22.1:2;22.1:2;22.1:2;22.1:2;22.1:2;22.1:2;22.1:2;22.1:2;22.1:2;22.1:2;22.1:2;22.1:2;22.1:2;22.1:2;22.1:2;22.1:2;22.1:2;22.1:2;22.1:2;22.1:2;22.1:2;22.1:2;22.1:2;22.1:2;22.1:2;22.1:2;22.1:2;22.1:2;22.1:2;22.1:2;22.1:2;22.1:2;22.1:2;22.1:2;22.1:2
120;0:1;0.4639:2;1.3279:2;2.1918:2;3.0557:2;3.9197:2;4.7836:2;5.6475:2;6.4156:2;7.1175:2;7.8194:2;8.5214:2;8.9836:2;9.4175:2;9.9035:2;10.3596:2;10.6836:2;11.0076:2;11.3315:2;11.6166:2;11.8596:2;12.1026:2;12.3456:2;12.6933:2;13.0713:2;13.4492:2;13.8253:2;14.1762:2;14.5272:2;14.8782:2;15.1994:2;15.4693:2;15.7393:2;16.0093:2;16.2972:2;16.5942:2;16.8911:2;17.1881:2;17.4073:2;17.6233:2;17.8393:2;18.0622:2;18.3052:2;18.5482:2;18.7911:2;19.0192:2;19.2352:2;19.4512:2;19.6672:2;19.8603:2;20.0492:2;20.2382:2;20.4272:2;20.6162:2;20.8052:2;20.9942:2;21.1832:2;21.3721:2;21.5611:2;21.7501:2;21.9391:2;22.1281:2;22.3171:2;22.5026:2;22.5836:2;22.6646:2;22.7456:2;22.8:2;22.8:2;22.8:2;22.8:2;22.8:2;22.8:2;22.8:2;22.8:2;22.8:2;22.8:2;22.8:2;22.8:2;22.8:2;22.8:2;22.8:2;22.8:2;22.8:2;22.8:2;22.8:2;22.8:2;22.8:2;22.8:2;22.8:2;22.8:2;22.8:2;22.8:2;22.8:2;22.8:2;22.8:2;22.8:2;22.8:2;22.8:2;22.8:2;22.8:2;22.8:2;22.8:2;22.8:2;22.8:2;22.8:2;22.8:2;22.8:2;22.8:2;22.8:2;22.8:2;22.8:2;22.8:2;22.8:2;22.8:2;22.8:2;22.8:2;22.8:2;22.8:2;22.8:2;22.8:2;22.8:2;22.8:2;22.8:2;22.8:2;22.8:2;22.8:2;22.8:2;22.8:2;22.8:2
125;0:1;0.3369:2;1.1739:2;2.0108:2;2.8477:2;3.6847:2;4.5216:2;5.3585:2;6.1156:2;6.8175:2;7.5194:2;8.2214:2;8.6836:2;9.1175:2;9.6035:2;10.0596:2;10.3836:2;10.7255:2;11.1035:2;11.4425:2;11.7395:2;12.0365:2;12.3335:2;12.7143:2;13.1192:2;13.5242:2;13.9233:2;14.2473:2;14.5713:2;14.8952:2;15.1994:2;15.4693:2;15.7393:2;16.0093:2;16.2972:2;16.5942:2;16.8911:2;17.1881:2;17.4333:2;17.6762:2;17.9192:2;18.1622:2;18.4052:2;18.6482:2;18.8911:2;19.149:2;19.419:2;19.6512:2;19.8672:2;20.0832:2;20.2991:2;20.5151:2;20.7311:2;20.9471:2;21.1631:2;21.379:2;21.595:2;21.811:2;22.027:2;22.243:2;22.4391:2;22.6281:2;22.8171:2;23.0035:2;23.1114:2;23.2194:2;23.3274:2;23.4:2;23.4:2;23.4:2;23.4:2;23.4:2;23.4:2;23.4:2;23.4:2;23.4:2;23.4:2;23.4:2;23.4:2;23.4:2;23.4:2;23.4:2;23.4:2;23.4:2;23.4:2;23.4:2;23.4:2;23.4:2;23.4:2;23.4:2;23.4:2;23.4:2;23.4:2;23.4:2;23.4:2;23.4:2;23.4:2;23.4:2;23.4:2;23.4:2;23.4:2;23.4:2;23.4:2;23.4:2;23.4:2;23.4:2;23.4:2;23.4:2;23.4:2;23.4:2;23.4:2;23.4:2;23.4:2;23.4:2;23.4:2;23.4:2;23.4:2;23.4:2;23.4:2;23.4:2;23.4:2;23.4:2;23.4:2;23.4:2;23.4:2;23.4:2;23.4:2;23.4:2;23.4:2;23.4:2
130;0:1;0.3829:2;1.1659:2;1.9488:2;2.7317:2;3.5147:2;4.2976:2;5.0806:2;5.8156:2;6.5175:2;7.1795:2;7.8274:2;8.3315:2;8.8175:2;9.3035:2;9.7695:2;10.1475:2;10.5076:2;10.8315:2;11.1814:2;11.5594:2;11.9374:2;12.3153:2;12.7143:2;13.1192:2;13.5242:2;13.9233:2;14.2473:2;14.5713:2;14.8952:2;15.1994:2;15.4693:2;15.7393:2;16.0093:2;16.2972:2;16.5942:2;16.8911:2;17.1881:2;17.4592:2;17.7292:2;17.9991:2;18.2622:2;18.5052:2;18.7482:2;18.9911:2;19.249:2;19.519:2;19.789:2;20.059:2;20.306:2;20.549:2;20.792:2;21.035:2;21.278:2;21.521:2;21.7639:2;21.995:2;22.211:2;22.427:2;22.643:2;22.8788:2;23.1218:2;23.3648:2;23.6035:2;23.7114:2;23.8194:2;23.9274:2;24:2;24:2;24:2;24:2;24:2;24:2;24:2;24:2;24:2;24:2;24:2;24:2;24:2;24:2;24:2;24:2;24:2;24:2;24:2;24:2;24:2;24:2;24:2;24:2;24:2;24:2;24:2;24:2;24:2;24:2;24:2;24:2;24:2;24:2;24:2;24:2;24:2;24:2;24:2;24:2;24:2;24:2;24:2;24:2;24:2;24:2;24:2;24:2;24:2;24:2;24:2;24:2;24:2;24:2;24:2;24:2;24:2;24:2;24:2;24:2;24:2;24:2;24:2
134;0:1;0.2597:2;0.9995:2;1.7392:2;2.479:2;3.2187:2;3.9584:2;4.6982:2;5.4156:2;6.1175:2;6.7475:2;7.3523:2;7.8515:2;8.3375:2;8.8235:2;9.2895:2;9.6675:2;10.0419:2;10.4091:2;10.7607:2;11.0955:2;11.4302:2;11.765:2;12.171:2;12.5976:2;13.0241:2;13.448:2;13.8368:2;14.2255:2;14.6143:2;14.9594:2;15.2293:2;15.4993:2;15.7693:2;16.1289:2;16.5339:2;16.9388:2;17.3438:2;17.6192:2;17.8892:2;18.1591:2;18.4277:2;18.6923:2;18.9569:2;19.2215:2;19.489:2;19.759:2;20.0592:2;20.3724:2;20.5894:2;20.7892:2;20.989:2;21.195:2;21.438:2;21.681:2;21.9239:2;22.1835:2;22.4643:2;22.7451:2;23.0259:2;23.3424:2;23.6718:2;24.0012:2;24.3235:2;24.4314:2;24.5394:2;24.6474:2;24.72:2;24.72:2;24.72:2;24.72:2;24.72:2;24.72:2;24.72:2;24.72:2;24.72:2;24.72:2;24.72:2;24.72:2;24.72:2;24.72:2;24.72:2;24.72:2;24.72:2;24.72:2;24.72:2;24.72:2;24.72:2;24.72:2;24.72:2;24.72:2;24.72:2;24.72:2;24.72:2;24.72:2;24.72:2;24.72:2;24.72:2;24.72:2;24.72:2;24.72:2;24.72:2;24.72:2;24.72:2;24.72:2;24.72:2;24.72:2;24.72:2;24.72:2;24.72:2;24.72:2;24.72:2;24.72:2;24.72:2;24.72:2;24.72:2;24.72:2;24.72:2;24.72:2;24.72:2;24.72:2;24.72:2;24.72:2;24.72:2;24.72:2;24.72:2;24.72:2;24.72:2;24.72:2;24.72:2
135;0:1;0.2289:2;0.9579:2;1.6868:2;2.4158:2;3.1447:2;3.8737:2;4.6217:1;5.3156:2;6.0175:2;6.6395:2;7.2335:2;7.7315:2;8.2175:2;8.7035:2;9.1695:2;9.5475:2;9.9255:2;10.3035:2;10.6555:2;10.9795:2;11.3035:2;11.6274:2;12.0352:2;12.4672:2;12.8991:2;13.3292:2;13.7341:2;14.1391:2;14.5441:2;14.8994:2;15.1693:2;15.4393:2;15.7093:2;16.0868:2;16.5188:2;16.9508:2;17.3827:2;17.6592:2;17.9292:2;18.1991:2;18.4691:2;18.7391:2;19.0091:2;19.279:2;19.549:2;19.819:2;20.1268:2;20.4508:2;20.6603:2;20.8492:2;21.0382:2;21.235:2;21.478:2;21.721:2;21.9639:2;22.2307:2;22.5276:2;22.8246:2;23.1216:2;23.4583:2;23.8093:2;24.1603:2;24.5035:2;24.6114:2;24.7194:2;24.8274:2;24.9:2;24.9:2;24.9:2;24.9:2;24.9:2;24.9:2;24.9:2;24.9:2;24.9:2;24.9:2;24.9:2;24.9:2;24.9:2;24.9:2;24.9:2;24.9:2;24.9:2;24.9:2;24.9:2;24.9:2;24.9:2;24.9:2;24.9:2;24.9:2;24.9:2;24.9:2;24.9:2;24.9:2;24.9:2;24.9:2;24.9:2;24.9:2;24.9:2;24.9:2;24.9:2;24.9:2;24.9:2;24.9:2;24.9:2;24.9:2;24.9:2;24.9:2;24.9:2;24.9:2;24.9:2;24.9:2;24.9:2;24.9:2;24.9:2;24.9:2;24.9:2;24.9:2;24.9:2;24.9:2;24.9:2;24.9:2;24.9:2;24.9:2;24.9:2;24.9:2;24.9:2;24.9:2;24.9:2
136;0:1;0.2181:2;0.9363:2;1.6544:2;2.3726:2;3.0907:2;3.8089:2;4.5616:1;5.2292:2;5.9203:2;6.5395:2;7.1335:2;7.6315:2;8.1175:2;8.6035:2;9.0695:2;9.4475:2;9.8255:2;10.2035:2;10.5555:2;10.8795:2;11.2035:2;11.5274:2;11.9268:2;12.348:2;12.7692:2;13.1907:2;13.6173:2;14.0438:2;14.4704:2;14.8374:2;15.1019:2;15.3665:2;15.6311:2;16.0248:2;16.4837:2;16.9427:2;17.4016:2;17.6792:2;17.9492:2;18.2191:2;18.4905:2;18.7659:2;19.0413:2;19.3166:2;19.589:2;19.859:2;20.1517:2;20.454:2;20.6694:2;20.8692:2;21.069:2;21.275:2;21.518:2;21.761:2;22.0039:2;22.2778:2;22.591:2;22.9041:2;23.2173:2;23.5663:2;23.928:2;24.2898:2;24.644:2;24.7682:2;24.8924:2;25.0165:2;25.1:2;25.1:2;25.1:2;25.1:2;25.1:2;25.1:2;25.1:2;25.1:2;25.1:2;25.1:2;25.1:2;25.1:2;25.1:2;25.1:2;25.1:2;25.1:2;25.1:2;25.1:2;25.1:2;25.1:2;25.1:2;25.1:2;25.1:2;25.1:2;25.1:2;25.1:2;25.1:2;25.1:2;25.1:2;25.1:2;25.1:2;25.1:2;25.1:2;25.1:2;25.1:2;25.1:2;25.1:2;25.1:2;25.1:2;25.1:2;25.1:2;25.1:2;25.1:2;25.1:2;25.1:2;25.1:2;25.1:2;25.1:2;25.1:2;25.1:2;25.1:2;25.1:2;25.1:2;25.1:2;25.1:2;25.1:2;25.1:2;25.1:2;25.1:2;25.1:2;25.1:2;25.1:2;25.1:2
137;0:1;0.2073:2;0.9147:2;1.622:2;2.3294:2;3.0367:2;3.7441:2;4.5016:1;5.1579:1;5.8231:2;6.4395:2;7.0335:2;7.5315:2;8.0175:2;8.5035:2;8.9695:2;9.3475:2;9.7255:2;10.1035:2;10.4555:2;10.7795:2;11.1035:2;11.4274:2;11.8184:2;12.2288:2;12.6392:2;13.0523:2;13.5004:2;13.9486:2;14.3968:2;14.7754:2;15.0346:2;15.2937:2;15.5529:2;15.9627:2;16.4486:2;16.9346:2;17.4206:2;17.6992:2;17.9692:2;18.2391:2;18.5119:2;18.7927:2;19.0734:2;19.3542:2;19.629:2;19.899:2;20.1765:2;20.4573:2;20.6786:2;20.8892:2;21.0997:2;21.315:2;21.558:2;21.801:2;22.0439:2;22.3249:2;22.6543:2;22.9837:2;23.313:2;23.6742:2;24.0468:2;24.4194:2;24.7845:2;24.9249:2;25.0653:2;25.2057:2;25.3:2;25.3:2;25.3:2;25.3:2;25.3:2;25.3:2;25.3:2;25.3:2;25.3:2;25.3:2;25.3:2;25.3:2;25.3:2;25.3:2;25.3:2;25.3:2;25.3:2;25.3:2;25.3:2;25.3:2;25.3:2;25.3:2;25.3:2;25.3:2;25.3:2;25.3:2;25.3:2;25.3:2;25.3:2;25.3:2;25.3:2;25.3:2;25.3:2;25.3:2;25.3:2;25.3:2;25.3:2;25.3:2;25.3:2;25.3:2;25.3:2;25.3:2;25.3:2;25.3:2;25.3:2;25.3:2;25.3:2;25.3:2;25.3:2;25.3:2;25.3:2;25.3:2;25.3:2;25.3:2;25.3:2;25.3:2;25.3:2;25.3:2;25.3:2;25.3:2;25.3:2;25.3:2;25.3:2
138;0:1;0.1965:2;0.8931:2;1.5896:2;2.2862:2;2.9827:2;3.6905:1;4.4416:1;5.0894:1;5.7259:2;6.3395:2;6.9335:2;7.4315:2;7.9175:2;8.4035:2;8.8695:2;9.2475:2;9.6255:2;10.0035:2;10.3555:2;10.6795:2;11.0035:2;11.3274:2;11.7101:2;12.1096:2;12.5092:2;12.9138:2;13.3836:2;13.8533:2;14.3231:2;14.7134:2;14.9672:2;15.221:2;15.4747:2;15.9006:2;16.4136:2;16.9265:2;17.4395:2;17.7192:2;17.9892:2;18.2591:2;18.5333:2;18.8194:2;19.1056:2;19.3918:2;19.669:2;19.939:2;20.2014:2;20.4606:2;20.6877:2;20.9091:2;21.1305:2;21.355:2;21.598:2;21.841:2;22.0839:2;22.3721:2;22.7176:2;23.0632:2;23.4088:2;23.7822:2;24.1655:2;24.5489:2;24.925:2;25.0816:2;25.2382:2;25.3948:2;25.5:2;25.5:2;25.5:2;25.5:2;25.5:2;25.5:2;25.5:2;25.5:2;25.5:2;25.5:2;25.5:2;25.5:2;25.5:2;25.5:2;25.5:2;25.5:2;25.5:2;25.5:2;25.5:2;25.5:2;25.5:2;25.5:2;25.5:2;25.5:2;25.5:2;25.5:2;25.5:2;25.5:2;25.5:2;25.5:2;25.5:2;25.5:2;25.5:2;25.5:2;25.5:2;25.5:2;25.5:2;25.5:2;25.5:2;25.5:2;25.5:2;25.5:2;25.5:2;25.5:2;25.5:2;25.5:2;25.5:2;25.5:2;25.5:2;25.5:2;25.5:2;25.5:2;25.5:2;25.5:2;25.5:2;25.5:2;25.5:2;25.5:2;25.5:2;25.5:2;25.5:2;25.5:2;25.5:2
140;0:1;0.1749:2;0.8499:2;1.5248:2;2.1998:2;2.8747:2;3.5898:1;4.3215:1;4.9524:1;5.5315:2;6.1395:2;6.7335:2;7.2315:2;7.7175:2;8.2035:2;8.6695:2;9.0475:2;9.4255:2;9.8035:2;10.1555:2;10.4795:2;10.8035:2;11.1274:2;11.4933:2;11.8713:2;12.2492:2;12.6369:2;13.1499:2;13.6629:2;14.1758:2;14.5894:2;14.8324:2;15.0754:2;15.3184:2;15.7765:2;16.3434:2;16.9104:2;17.4773:2;17.7592:2;18.0292:2;18.2991:2;18.576:2;18.873:2;19.17:2;19.467:2;19.749:2;20.019:2;20.2512:2;20.4672:2;20.706:2;20.949:2;21.192:2;21.435:2;21.678:2;21.921:2;22.1639:2;22.4663:2;22.8443:2;23.2222:2;23.6002:2;23.9981:2;24.403:2;24.808:2;25.206:2;25.395:2;25.584:2;25.773:2;25.9:2;25.9:2;25.9:2;25.9:2;25.9:2;25.9:2;25.9:2;25.9:2;25.9:2;25.9:2;25.9:2;25.9:2;25.9:2;25.9:2;25.9:2;25.9:2;25.9:2;25.9:2;25.9:2;25.9:2;25.9:2;25.9:2;25.9:2;25.9:2;25.9:2;25.9:2;25.9:2;25.9:2;25.9:2;25.9:2;25.9:2;25.9:2;25.9:2;25.9:2;25.9:2;25.9:2;25.9:2;25.9:2;25.9:2;25.9:2;25.9:2;25.9:2;25.9:2;25.9:2;25.9:2;25.9:2;25.9:2;25.9:2;25.9:2;25.9:2;25.9:2;25.9:2;25.9:2;25.9:2;25.9:2;25.9:2;25.9:2;25.9:2;25.9:2;25.9:2;25.9:2;25.9:2;25.9:2
141;0:1;0.1441:2;0.8083:2;1.4724:2;2.1366:2;2.8169:1;3.5383:1;4.2597:1;4.8813:1;5.4342:1;5.9915:2;6.5747:2;7.0715:2;7.5575:2;8.0435:2;8.5095:2;8.8875:2;9.2691:2;9.6578:2;10.0155:2;10.3395:2;10.6635:2;10.9874:2;11.3449:2;11.7121:2;12.0793:2;12.4554:2;12.9467:2;13.4381:2;13.9295:2;14.3374:2;14.6019:2;14.8665:2;15.1311:2;15.5893:2;16.1454:2;16.7016:2;17.2578:2;17.5651:2;17.8621:2;18.159:2;18.4616:2;18.7801:2;19.0987:2;19.4173:2;19.721:2;20.0125:2;20.2663:2;20.5039:2;20.7552:2;21.009:2;21.2628:2;21.5165:2;21.7703:2;22.0241:2;22.2779:2;22.5744:2;22.9254:2;23.2764:2;23.6273:2;24.0061:2;24.3949:2;24.7837:2;25.166:2;25.355:2;25.544:2;25.733:2;25.86:2;25.86:2;25.86:2;25.86:2;25.86:2;25.86:2;25.86:2;25.86:2;25.86:2;25.86:2;25.86:2;25.86:2;25.86:2;25.86:2;25.86:2;25.86:2;25.86:2;25.86:2;25.86:2;25.86:2;25.86:2;25.86:2;25.86:2;25.86:2;25.86:2;25.86:2;25.86:2;25.86:2;25.86:2;25.86:2;25.86:2;25.86:2;25.86:2;25.86:2;25.86:2;25.86:2;25.86:2;25.86:2;25.86:2;25.86:2;25.86:2;25.86:2;25.86:2;25.86:2;25.86:2;25.86:2;25.86:2;25.86:2;25.86:2;25.86:2;25.86:2;25.86:2;25.86:2;25.86:2;25.86:2;25.86:2;25.86:2;25.86:2;25.86:2;25.86:2;25.86:2;25.86:2;25.86:2
142;0:1;0.1133:2;0.7667:2;1.42:2;2.0734:2;2.7756:1;3.4867:1;4.1979:1;4.8102:1;5.3545:1;5.8988:1;6.443:1;6.9115:2;7.3975:2;7.8835:2;8.3495:2;8.7275:2;9.1127:2;9.5122:2;9.8755:2;10.1995:2;10.5235:2;10.8474:2;11.1965:2;11.5529:2;11.9093:2;12.2738:2;12.7436:2;13.2133:2;13.6831:2;14.0853:2;14.3715:2;14.6577:2;14.9438:2;15.4021:2;15.9475:2;16.4928:2;17.0382:2;17.371:2;17.695:2;18.019:2;18.3471:2;18.6873:2;19.0274:2;19.3676:2;19.6929:2;20.006:2;20.2814:2;20.5406:2;20.8044:2;21.0689:2;21.3335:2;21.5981:2;21.8627:2;22.1273:2;22.3918:2;22.6825:2;23.0065:2;23.3305:2;23.6545:2;24.0142:2;24.3868:2;24.7594:2;25.126:2;25.315:2;25.504:2;25.693:2;25.82:2;25.82:2;25.82:2;25.82:2;25.82:2;25.82:2;25.82:2;25.82:2;25.82:2;25.82:2;25.82:2;25.82:2;25.82:2;25.82:2;25.82:2;25.82:2;25.82:2;25.82:2;25.82:2;25.82:2;25.82:2;25.82:2;25.82:2;25.82:2;25.82:2;25.82:2;25.82:2;25.82:2;25.82:2;25.82:2;25.82:2;25.82:2;25.82:2;25.82:2;25.82:2;25.82:2;25.82:2;25.82:2;25.82:2;25.82:2;25.82:2;25.82:2;25.82:2;25.82:2;25.82:2;25.82:2;25.82:2;25.82:2;25.82:2;25.82:2;25.82:2;25.82:2;25.82:2;25.82:2;25.82:2;25.82:2;25.82:2;25.82:2;25.82:2;25.82:2;25.82:2;25.82:2;25.82:2
143;0:1;0.0825:2;0.7251:2;1.3676:2;2.0335:1;2.7343:1;3.4352:1;4.136:1;4.7391:1;5.2747:1;5.8104:1;6.346:1;6.7515:2;7.2375:2;7.7235:2;8.1895:2;8.5675:2;8.9562:2;9.3666:2;9.7355:2;10.0595:2;10.3835:2;10.7074:2;11.0482:2;11.3937:2;11.7393:2;12.0923:2;12.5404:2;12.9886:2;13.4368:2;13.8333:2;14.141:2;14.4488:2;14.7566:2;15.2149:2;15.7495:2;16.2841:2;16.8186:2;17.1769:2;17.5279:2;17.8789:2;18.2326:2;18.5944:2;18.9562:2;19.3179:2;19.6648:2;19.9996:2;20.2965:2;20.5773:2;20.8535:2;21.1289:2;21.4043:2;21.6797:2;21.955:2;22.2304:2;22.5058:2;22.7907:2;23.0876:2;23.3846:2;23.6816:2;24.0223:2;24.3787:2;24.735:2;25.086:2;25.275:2;25.464:2;25.653:2;25.78:2;25.78:2;25.78:2;25.78:2;25.78:2;25.78:2;25.78:2;25.78:2;25.78:2;25.78:2;25.78:2;25.78:2;25.78:2;25.78:2;25.78:2;25.78:2;25.78:2;25.78:2;25.78:2;25.78:2;25.78:2;25.78:2;25.78:2;25.78:2;25.78:2;25.78:2;25.78:2;25.78:2;25.78:2;25.78:2;25.78:2;25.78:2;25.78:2;25.78:2;25.78:2;25.78:2;25.78:2;25.78:2;25.78:2;25.78:2;25.78:2;25.78:2;25.78:2;25.78:2;25.78:2;25.78:2;25.78:2;25.78:2;25.78:2;25.78:2;25.78:2;25.78:2;25.78:2;25.78:2;25.78:2;25.78:2;25.78:2;25.78:2;25.78:2;25.78:2;25.78:2;25.78:2;25.78:2
144;0:1;0.0517:2;0.6835:2;1.3152:2;2.0024:1;2.693:1;3.3836:1;4.0742:1;4.668:1;5.195:1;5.722:1;6.249:1;6.6293:1;7.0775:2;7.5635:2;8.0295:2;8.4075:2;8.7998:2;9.221:2;9.5955:2;9.9195:2;10.2435:2;10.5674:2;10.8998:2;11.2346:2;11.5693:2;11.9107:2;12.3373:2;12.7638:2;13.1904:2;13.5812:2;13.9106:2;14.24:2;14.5693:2;15.0278:2;15.5515:2;16.0753:2;16.599:2;16.9829:2;17.3608:2;17.7388:2;18.1181:2;18.5015:2;18.8849:2;19.2683:2;19.6367:2;19.9931:2;20.3117:2;20.614:2;20.9027:2;21.1889:2;21.475:2;21.7612:2;22.0474:2;22.3336:2;22.6197:2;22.8988:2;23.1688:2;23.4387:2;23.7087:2;24.0304:2;24.3705:2;24.7107:2;25.046:2;25.235:2;25.424:2;25.613:2;25.74:2;25.74:2;25.74:2;25.74:2;25.74:2;25.74:2;25.74:2;25.74:2;25.74:2;25.74:2;25.74:2;25.74:2;25.74:2;25.74:2;25.74:2;25.74:2;25.74:2;25.74:2;25.74:2;25.74:2;25.74:2;25.74:2;25.74:2;25.74:2;25.74:2;25.74:2;25.74:2;25.74:2;25.74:2;25.74:2;25.74:2;25.74:2;25.74:2;25.74:2;25.74:2;25.74:2;25.74:2;25.74:2;25.74:2;25.74:2;25.74:2;25.74:2;25.74:2;25.74:2;25.74:2;25.74:2;25.74:2;25.74:2;25.74:2;25.74:2;25.74:2;25.74:2;25.74:2;25.74:2;25.74:2;25.74:2;25.74:2;25.74:2;25.74:2;25.74:2;25.74:2;25.74:2;25.74:2
145;0:1;0.021:2;0.6419:2;1.291:1;1.9714:1;2.6517:1;3.3321:1;4.0124:1;4.5969:1;5.1152:1;5.6336:1;6.1519:1;6.5265:1;6.9175:2;7.4035:2;7.8695:2;8.2475:2;8.6434:2;9.0754:2;9.4555:2;9.7795:2;10.1035:2;10.4274:2;10.7514:2;11.0754:2;11.3994:2;11.7292:2;12.1341:2;12.5391:2;12.9441:2;13.3292:2;13.6801:2;14.0311:2;14.3821:2;14.8406:2;15.3536:2;15.8665:2;16.3795:2;16.7888:2;17.1937:2;17.5987:2;18.0037:2;18.4086:2;18.8136:2;19.2186:2;19.6086:2;19.9866:2;20.3268:2;20.6508:2;20.9518:2;21.2488:2;21.5458:2;21.8428:2;22.1397:2;22.4367:2;22.7337:2;23.0069:2;23.2499:2;23.4929:2;23.7359:2;24.0384:2;24.3624:2;24.6864:2;25.006:2;25.195:2;25.384:2;25.573:2;25.7:2;25.7:2;25.7:2;25.7:2;25.7:2;25.7:2;25.7:2;25.7:2;25.7:2;25.7:2;25.7:2;25.7:2;25.7:2;25.7:2;25.7:2;25.7:2;25.7:2;25.7:2;25.7:2;25.7:2;25.7:2;25.7:2;25.7:2;25.7:2;25.7:2;25.7:2;25.7:2;25.7:2;25.7:2;25.7:2;25.7:2;25.7:2;25.7:2;25.7:2;25.7:2;25.7:2;25.7:2;25.7:2;25.7:2;25.7:2;25.7:2;25.7:2;25.7:2;25.7:2;25.7:2;25.7:2;25.7:2;25.7:2;25.7:2;25.7:2;25.7:2;25.7:2;25.7:2;25.7:2;25.7:2;25.7:2;25.7:2;25.7:2;25.7:2;25.7:2;25.7:2;25.7:2;25.7:2
147;0:1;0.0286:2;0.6171:2;1.2502:1;1.909:1;2.5677:1;3.2265:1;3.8852:1;4.4519:1;4.9552:1;5.4568:1;5.9579:1;6.3228:1;6.6775:2;7.1635:2;7.6295:2;8.0075:2;8.4034:2;8.8354:2;9.2155:2;9.5395:2;9.8635:2;10.1874:2;10.503:2;10.8162:2;11.1294:2;11.4468:2;11.8194:2;12.192:2;12.5645:2;12.9371:2;13.3097:2;13.6822:2;14.0548:2;14.5134:2;15.0156:2;15.5178:2;16.0199:2;16.4599:2;16.8972:2;17.3346:2;17.7747:2;18.2229:2;18.6711:2;19.1192:2;19.5525:2;19.9737:2;20.3419:2;20.6875:2;21.0102:2;21.3287:2;21.6473:2;21.9674:2;22.2968:2;22.6262:2;22.9556:2;23.2232:2;23.4121:2;23.6011:2;23.7901:2;24.0546:2;24.3462:2;24.6378:2;24.926:2;25.115:2;25.304:2;25.493:2;25.62:2;25.62:2;25.62:2;25.62:2;25.62:2;25.62:2;25.62:2;25.62:2;25.62:2;25.62:2;25.62:2;25.62:2;25.62:2;25.62:2;25.62:2;25.62:2;25.62:2;25.62:2;25.62:2;25.62:2;25.62:2;25.62:2;25.62:2;25.62:2;25.62:2;25.62:2;25.62:2;25.62:2;25.62:2;25.62:2;25.62:2;25.62:2;25.62:2;25.62:2;25.62:2;25.62:2;25.62:2;25.62:2;25.62:2;25.62:2;25.62:2;25.62:2;25.62:2;25.62:2;25.62:2;25.62:2;25.62:2;25.62:2;25.62:2;25.62:2;25.62:2;25.62:2;25.62:2;25.62:2;25.62:2;25.62:2;25.62:2;25.62:2;25.62:2;25.62:2;25.62:2;25.62:2;25.62:2
148;0:1;0.0324:2;0.6047:2;1.2298:1;1.8778:1;2.5257:1;3.1737:1;3.8216:1;4.3794:1;4.8751:1;5.3684:1;5.8608:1;6.221:1;6.563:1;7.0435:2;7.5095:2;7.8875:2;8.2834:2;8.7154:2;9.0955:2;9.4195:2;9.7435:2;10.0674:2;10.3788:2;10.6866:2;10.9944:2;11.3057:2;11.662:2;12.0184:2;12.3748:2;12.7411:2;13.1244:2;13.5078:2;13.8912:2;14.3498:2;14.8466:2;15.3434:2;15.8401:2;16.2954:2;16.749:2;17.2025:2;17.6603:2;18.13:2;18.5998:2;19.0695:2;19.5244:2;19.9672:2;20.3495:2;20.7058:2;21.0393:2;21.3687:2;21.6981:2;22.0298:2;22.3753:2;22.7209:2;23.0665:2;23.3313:2;23.4933:2;23.6552:2;23.8172:2;24.0627:2;24.3381:2;24.6134:2;24.886:2;25.075:2;25.264:2;25.453:2;25.58:2;25.58:2;25.58:2;25.58:2;25.58:2;25.58:2;25.58:2;25.58:2;25.58:2;25.58:2;25.58:2;25.58:2;25.58:2;25.58:2;25.58:2;25.58:2;25.58:2;25.58:2;25.58:2;25.58:2;25.58:2;25.58:2;25.58:2;25.58:2;25.58:2;25.58:2;25.58:2;25.58:2;25.58:2;25.58:2;25.58:2;25.58:2;25.58:2;25.58:2;25.58:2;25.58:2;25.58:2;25.58:2;25.58:2;25.58:2;25.58:2;25.58:2;25.58:2;25.58:2;25.58:2;25.58:2;25.58:2;25.58:2;25.58:2;25.58:2;25.58:2;25.58:2;25.58:2;25.58:2;25.58:2;25.58:2;25.58:2;25.58:2;25.58:2;25.58:2;25.58:2;25.58:2;25.58:2
150;0:1;0.04:2;0.5799:2;1.189:1;1.8154:1;2.4417:1;3.0681:1;3.6944:1;4.2345:1;4.7151:1;5.1916:1;5.6668:1;6.0173:1;6.3505:1;6.8035:2;7.2695:2;7.6475:2;8.0434:2;8.4754:2;8.8555:2;9.1795:2;9.5035:2;9.8274:2;10.1305:2;10.4274:2;10.7244:2;11.0233:2;11.3473:2;11.6713:2;11.9952:2;12.349:2;12.754:2;13.159:2;13.5639:2;14.0227:2;14.5086:2;14.9946:2;15.4806:2;15.9665:2;16.4525:2;16.9384:2;17.4313:2;17.9443:2;18.4572:2;18.9702:2;19.4683:2;19.9542:2;20.3646:2;20.7425:2;21.0976:2;21.4486:2;21.7996:2;22.1544:2;22.5324:2;22.9104:2;23.2883:2;23.5475:2;23.6555:2;23.7635:2;23.8715:2;24.0788:2;24.3218:2;24.5648:2;24.806:2;24.995:2;25.184:2;25.373:2;25.5:2;25.5:2;25.5:2;25.5:2;25.5:2;25.5:2;25.5:2;25.5:2;25.5:2;25.5:2;25.5:2;25.5:2;25.5:2;25.5:2;25.5:2;25.5:2;25.5:2;25.5:2;25.5:2;25.5:2;25.5:2;25.5:2;25.5:2;25.5:2;25.5:2;25.5:2;25.5:2;25.5:2;25.5:2;25.5:2;25.5:2;25.5:2;25.5:2;25.5:2;25.5:2;25.5:2;25.5:2;25.5:2;25.5:2;25.5:2;25.5:2;25.5:2;25.5:2;25.5:2;25.5:2;25.5:2;25.5:2;25.5:2;25.5:2;25.5:2;25.5:2;25.5:2;25.5:2;25.5:2;25.5:2;25.5:2;25.5:2;25.5:2;25.5:2;25.5:2;25.5:2;25.5:2;25.5:2
151;0:1;0.0292:2;0.5583:2;1.1703:1;1.7864:1;2.4025:1;3.0185:1;3.6346:1;4.166:1;4.639:1;5.108:1;5.5756:1;5.9195:1;6.2463:1;6.6723:2;7.1295:2;7.5075:2;7.8998:2;8.321:2;8.6981:2;9.0275:2;9.3568:2;9.6862:2;9.9905:2;10.2874:2;10.5844:2;10.8829:2;11.2015:2;11.5201:2;11.8387:2;12.1851:2;12.5792:2;12.9734:2;13.3676:2;13.8083:2;14.2727:2;14.7371:2;15.2014:2;15.6813:2;16.1619:2;16.6425:2;17.1286:2;17.6307:2;18.1329:2;18.635:2;19.1283:2;19.6142:2;20.0246:2;20.4025:2;20.7622:2;21.1186:2;21.4749:2;21.8352:2;22.2186:2;22.6019:2;22.9853:2;23.2689:2;23.4255:2;23.5821:2;23.7387:2;23.9668:2;24.2206:2;24.4743:2;24.726:2;24.915:2;25.104:2;25.293:2;25.42:2;25.42:2;25.42:2;25.42:2;25.42:2;25.42:2;25.42:2;25.42:2;25.42:2;25.42:2;25.42:2;25.42:2;25.42:2;25.42:2;25.42:2;25.42:2;25.42:2;25.42:2;25.42:2;25.42:2;25.42:2;25.42:2;25.42:2;25.42:2;25.42:2;25.42:2;25.42:2;25.42:2;25.42:2;25.42:2;25.42:2;25.42:2;25.42:2;25.42:2;25.42:2;25.42:2;25.42:2;25.42:2;25.42:2;25.42:2;25.42:2;25.42:2;25.42:2;25.42:2;25.42:2;25.42:2;25.42:2;25.42:2;25.42:2;25.42:2;25.42:2;25.42:2;25.42:2;25.42:2;25.42:2;25.42:2;25.42:2;25.42:2;25.42:2;25.42:2;25.42:2;25.42:2;25.42:2
152;0:1;0.0184:2;0.5457:1;1.1515:1;1.7573:1;2.3632:1;2.969:1;3.5748:1;4.0975:1;4.563:1;5.0244:1;5.4845:1;5.8218:1;6.1422:1;6.5411:2;6.9895:2;7.3675:2;7.7562:2;8.1666:2;8.5407:2;8.8755:2;9.2102:2;9.545:2;9.8505:2;10.1474:2;10.4444:2;10.7425:2;11.0557:2;11.3689:2;11.6821:2;12.0211:2;12.4044:2;12.7878:2;13.1712:2;13.594:2;14.0368:2;14.4795:2;14.9223:2;15.3962:2;15.8713:2;16.3465:2;16.8258:2;17.3171:2;17.8085:2;18.2999:2;18.7883:2;19.2742:2;19.6846:2;20.0625:2;20.4268:2;20.7886:2;21.1503:2;21.516:2;21.9048:2;22.2935:2;22.6823:2;22.9903:2;23.1955:2;23.4006:2;23.6058:2;23.8547:2;24.1193:2;24.3839:2;24.646:2;24.835:2;25.024:2;25.213:2;25.34:2;25.34:2;25.34:2;25.34:2;25.34:2;25.34:2;25.34:2;25.34:2;25.34:2;25.34:2;25.34:2;25.34:2;25.34:2;25.34:2;25.34:2;25.34:2;25.34:2;25.34:2;25.34:2;25.34:2;25.34:2;25.34:2;25.34:2;25.34:2;25.34:2;25.34:2;25.34:2;25.34:2;25.34:2;25.34:2;25.34:2;25.34:2;25.34:2;25.34:2;25.34:2;25.34:2;25.34:2;25.34:2;25.34:2;25.34:2;25.34:2;25.34:2;25.34:2;25.34:2;25.34:2;25.34:2;25.34:2;25.34:2;25.34:2;25.34:2;25.34:2;25.34:2;25.34:2;25.34:2;25.34:2;25.34:2;25.34:2;25.34:2;25.34:2;25.34:2;25.34:2;25.34:2;25.34:2
155;0:1;0:2;0.5201:1;1.0952:1;1.6702:1;2.2453:1;2.8203:1;3.3954:1;3.8921:1;4.3349:1;4.7737:1;5.211:1;5.5285:1;5.8297:1;6.1475:2;6.5695:2;6.9475:2;7.3255:2;7.7035:2;8.0685:2;8.4194:2;8.7704:2;9.1214:2;9.4305:2;9.7274:2;10.0244:2;10.3214:2;10.6184:2;10.9153:2;11.2123:2;11.5292:2;11.8801:2;12.2311:2;12.5821:2;12.951:2;13.3289:2;13.7069:2;14.0849:2;14.5406:2;14.9996:2;15.4585:2;15.9175:2;16.3765:2;16.8354:2;17.2944:2;17.7683:2;18.2542:2;18.6646:2;19.0425:2;19.4205:2;19.7985:2;20.1765:2;20.5583:2;20.9633:2;21.3683:2;21.7732:2;22.1544:2;22.5054:2;22.8564:2;23.2073:2;23.5186:2;23.8156:2;24.1125:2;24.406:2;24.595:2;24.784:2;24.973:2;25.1:2;25.1:2;25.1:2;25.1:2;25.1:2;25.1:2;25.1:2;25.1:2;25.1:2;25.1:2;25.1:2;25.1:2;25.1:2;25.1:2;25.1:2;25.1:2;25.1:2;25.1:2;25.1:2;25.1:2;25.1:2;25.1:2;25.1:2;25.1:2;25.1:2;25.1:2;25.1:2;25.1:2;25.1:2;25.1:2;25.1:2;25.1:2;25.1:2;25.1:2;25.1:2;25.1:2;25.1:2;25.1:2;25.1:2;25.1:2;25.1:2;25.1:2;25.1:2;25.1:2;25.1:2;25.1:2;25.1:2;25.1:2;25.1:2;25.1:2;25.1:2;25.1:2;25.1:2;25.1:2;25.1:2;25.1:2;25.1:2;25.1:2;25.1:2;25.1:2;25.1:2;25.1:2;25.1:2
157;0:1;0:2;0.5034:1;1.0601:1;1.6168:1;2.1735:1;2.7302:1;3.2869:1;3.7672:1;4.1948:1;4.6201:1;5.0445:1;5.3528:1;5.6454:1;5.9075:2;6.3415:2;6.7842:2;7.184:2;7.4971:2;7.8285:2;8.1794:2;8.5304:2;8.8814:2;9.1905:2;9.4874:2;9.7844:2;10.0814:2;10.3784:2;10.6753:2;10.9723:2;11.2812:2;11.6106:2;11.94:2;12.2693:2;12.6023:2;12.9371:2;13.2718:2;13.6066:2;14.0502:2;14.4984:2;14.9466:2;15.3947:2;15.8429:2;16.2911:2;16.7392:2;17.1963:2;17.6607:2;18.0797:2;18.4793:2;18.8697:2;19.2584:2;19.6472:2;20.0383:2;20.4433:2;20.8483:2;21.2532:2;21.6629:2;22.0787:2;22.4945:2;22.9102:2;23.2624:2;23.5918:2;23.9212:2;24.246:2;24.435:2;24.624:2;24.813:2;24.94:2;24.94:2;24.94:2;24.94:2;24.94:2;24.94:2;24.94:2;24.94:2;24.94:2;24.94:2;24.94:2;24.94:2;24.94:2;24.94:2;24.94:2;24.94:2;24.94:2;24.94:2;24.94:2;24.94:2;24.94:2;24.94:2;24.94:2;24.94:2;24.94:2;24.94:2;24.94:2;24.94:2;24.94:2;24.94:2;24.94:2;24.94:2;24.94:2;24.94:2;24.94:2;24.94:2;24.94:2;24.94:2;24.94:2;24.94:2;24.94:2;24.94:2;24.94:2;24.94:2;24.94:2;24.94:2;24.94:2;24.94:2;24.94:2;24.94:2;24.94:2;24.94:2;24.94:2;24.94:2;24.94:2;24.94:2;24.94:2;24.94:2;24.94:2;24.94:2;24.94:2;24.94:2;24.94:2
158;0:1;0:2;0.495:1;1.0425:1;1.5901:1;2.1376:1;2.6851:1;3.2326:1;3.7047:1;4.1248:1;4.5433:1;4.9612:1;5.265:1;5.5533:1;5.8103:1;6.2274:2;6.7026:2;7.1132:2;7.394:2;7.7085:2;8.0594:2;8.4104:2;8.7614:2;9.0705:2;9.3674:2;9.6644:2;9.9614:2;10.2584:2;10.5553:2;10.8523:2;11.1572:2;11.4758:2;11.7944:2;12.113:2;12.4279:2;12.7411:2;13.0543:2;13.3675:2;13.8051:2;14.2478:2;14.6906:2;15.1333:2;15.5761:2;16.0189:2;16.4616:2;16.9104:2;17.3639:2;17.7873:2;18.1976:2;18.5943:2;18.9884:2;19.3826:2;19.7783:2;20.1833:2;20.5883:2;20.9932:2;21.4172:2;21.8654:2;22.3135:2;22.7617:2;23.1343:2;23.4799:2;23.8255:2;24.166:2;24.355:2;24.544:2;24.733:2;24.86:2;24.86:2;24.86:2;24.86:2;24.86:2;24.86:2;24.86:2;24.86:2;24.86:2;24.86:2;24.86:2;24.86:2;24.86:2;24.86:2;24.86:2;24.86:2;24.86:2;24.86:2;24.86:2;24.86:2;24.86:2;24.86:2;24.86:2;24.86:2;24.86:2;24.86:2;24.86:2;24.86:2;24.86:2;24.86:2;24.86:2;24.86:2;24.86:2;24.86:2;24.86:2;24.86:2;24.86:2;24.86:2;24.86:2;24.86:2;24.86:2;24.86:2;24.86:2;24.86:2;24.86:2;24.86:2;24.86:2;24.86:2;24.86:2;24.86:2;24.86:2;24.86:2;24.86:2;24.86:2;24.86:2;24.86:2;24.86:2;24.86:2;24.86:2;24.86:2;24.86:2;24.86:2;24.86:2
160;0:1;0:2;0.4783:1;1.0075:1;1.5366:1;2.0658:1;2.5949:1;3.1241:1;3.5797:1;3.9847:1;4.3897:1;4.7946:1;5.0893:1;5.3689:1;5.6173:1;5.9994:2;6.5393:2;6.9717:2;7.1877:2;7.4685:2;7.8194:2;8.1704:2;8.5214:2;8.8305:2;9.1274:2;9.4244:2;9.7214:2;10.0184:2;10.3153:2;10.6123:2;10.9093:2;11.2063:2;11.5032:2;11.8002:2;12.0793:2;12.3492:2;12.6192:2;12.8892:2;13.3147:2;13.7467:2;14.1786:2;14.6106:2;15.0425:2;15.4745:2;15.9065:2;16.3384:2;16.7704:2;17.2024:2;17.6343:2;18.0434:2;18.4484:2;18.8533:2;19.2583:2;19.6633:2;20.0683:2;20.4732:2;20.9257:2;21.4387:2;21.9516:2;22.4646:2;22.8782:2;23.2562:2;23.6341:2;24.006:2;24.195:2;24.384:2;24.573:2;24.7:2;24.7:2;24.7:2;24.7:2;24.7:2;24.7:2;24.7:2;24.7:2;24.7:2;24.7:2;24.7:2;24.7:2;24.7:2;24.7:2;24.7:2;24.7:2;24.7:2;24.7:2;24.7:2;24.7:2;24.7:2;24.7:2;24.7:2;24.7:2;24.7:2;24.7:2;24.7:2;24.7:2;24.7:2;24.7:2;24.7:2;24.7:2;24.7:2;24.7:2;24.7:2;24.7:2;24.7:2;24.7:2;24.7:2;24.7:2;24.7:2;24.7:2;24.7:2;24.7:2;24.7:2;24.7:2;24.7:2;24.7:2;24.7:2;24.7:2;24.7:2;24.7:2;24.7:2;24.7:2;24.7:2;24.7:2;24.7:2;24.7:2;24.7:2;24.7:2;24.7:2;24.7:2;24.7:2
162;0:1;0:2;0.4622:1;0.9774:1;1.4925:1;2.0076:1;2.5227:1;3.0378:1;3.4801:1;3.8721:1;4.2657:1;4.6599:1;4.9457:1;5.2167:1;5.4586:1;5.8674:2;6.3426:2;6.7532:2;7.034:2;7.3433:2;7.6835:2;8.0236:2;8.3638:2;8.6705:2;8.9674:2;9.2644:2;9.5614:2;9.8584:2;10.1553:2;10.4523:2;10.7453:2;11.0315:2;11.3177:2;11.6038:2;11.8793:2;12.1492:2;12.4192:2;12.6892:2;13.1043:2;13.5255:2;13.9467:2;14.3678:2;14.789:2;15.2102:2;15.6313:2;16.0584:2;16.4904:2;16.9073:2;17.3176:2;17.7234:2;18.1284:2;18.5333:2;18.9383:2;19.3433:2;19.7483:2;20.1532:2;20.601:2;21.1031:2;21.6053:2;22.1074:2;22.5182:2;22.8962:2;23.2741:2;23.6457:2;23.8239:2;24.0021:2;24.1803:2;24.3:2;24.3:2;24.3:2;24.3:2;24.3:2;24.3:2;24.3:2;24.3:2;24.3:2;24.3:2;24.3:2;24.3:2;24.3:2;24.3:2;24.3:2;24.3:2;24.3:2;24.3:2;24.3:2;24.3:2;24.3:2;24.3:2;24.3:2;24.3:2;24.3:2;24.3:2;24.3:2;24.3:2;24.3:2;24.3:2;24.3:2;24.3:2;24.3:2;24.3:2;24.3:2;24.3:2;24.3:2;24.3:2;24.3:2;24.3:2;24.3:2;24.3:2;24.3:2;24.3:2;24.3:2;24.3:2;24.3:2;24.3:2;24.3:2;24.3:2;24.3:2;24.3:2;24.3:2;24.3:2;24.3:2;24.3:2;24.3:2;24.3:2;24.3:2;24.3:2;24.3:2;24.3:2;24.3:2
163;0:1;0:2;0.4542:1;0.9623:1;1.4704:1;1.9785:1;2.4866:1;2.9947:1;3.4302:1;3.8158:1;4.2037:1;4.5925:1;4.8738:1;5.1406:1;5.394:2;5.8015:2;6.2442:2;6.644:2;6.9571:2;7.2807:2;7.6155:2;7.9502:2;8.285:2;8.5905:2;8.8874:2;9.1844:2;9.4814:2;9.7784:2;10.0753:2;10.3723:2;10.6633:2;10.9441:2;11.2249:2;11.5057:2;11.7793:2;12.0492:2;12.3192:2;12.5892:2;12.9991:2;13.4149:2;13.8307:2;14.2464:2;14.6622:2;15.078:2;15.4937:2;15.9184:2;16.3504:2;16.7597:2;17.1593:2;17.5634:2;17.9684:2;18.3733:2;18.7783:2;19.1833:2;19.5883:2;19.9932:2;20.4386:2;20.9353:2;21.4321:2;21.9289:2;22.3382:2;22.7162:2;23.0941:2;23.4655:2;23.6383:2;23.8111:2;23.9839:2;24.1:2;24.1:2;24.1:2;24.1:2;24.1:2;24.1:2;24.1:2;24.1:2;24.1:2;24.1:2;24.1:2;24.1:2;24.1:2;24.1:2;24.1:2;24.1:2;24.1:2;24.1:2;24.1:2;24.1:2;24.1:2;24.1:2;24.1:2;24.1:2;24.1:2;24.1:2;24.1:2;24.1:2;24.1:2;24.1:2;24.1:2;24.1:2;24.1:2;24.1:2;24.1:2;24.1:2;24.1:2;24.1:2;24.1:2;24.1:2;24.1:2;24.1:2;24.1:2;24.1:2;24.1:2;24.1:2;24.1:2;24.1:2;24.1:2;24.1:2;24.1:2;24.1:2;24.1:2;24.1:2;24.1:2;24.1:2;24.1:2;24.1:2;24.1:2;24.1:2;24.1:2;24.1:2;24.1:2
165;0:1;0:2;0.4381:1;0.9322:1;1.4262:1;1.9203:1;2.4144:1;2.9084:1;3.3306:1;3.7031:1;4.0797:1;4.4577:1;4.7302:1;4.9884:1;5.2916:2;5.6695:2;6.0475:2;6.4255:2;6.8035:2;7.1555:2;7.4795:2;7.8035:2;8.1274:2;8.4305:2;8.7274:2;9.0244:2;9.3214:2;9.6184:2;9.9153:2;10.2123:2;10.4994:2;10.7693:2;11.0393:2;11.3093:2;11.5793:2;11.8492:2;12.1192:2;12.3892:2;12.7888:2;13.1937:2;13.5987:2;14.0037:2;14.4086:2;14.8136:2;15.2186:2;15.6384:2;16.0704:2;16.4646:2;16.8425:2;17.2434:2;17.6484:2;18.0533:2;18.4583:2;18.8633:2;19.2683:2;19.6732:2;20.1138:2;20.5998:2;21.0857:2;21.5717:2;21.9782:2;22.3562:2;22.7341:2;23.1052:2;23.2672:2;23.4292:2;23.5911:2;23.7:2;23.7:2;23.7:2;23.7:2;23.7:2;23.7:2;23.7:2;23.7:2;23.7:2;23.7:2;23.7:2;23.7:2;23.7:2;23.7:2;23.7:2;23.7:2;23.7:2;23.7:2;23.7:2;23.7:2;23.7:2;23.7:2;23.7:2;23.7:2;23.7:2;23.7:2;23.7:2;23.7:2;23.7:2;23.7:2;23.7:2;23.7:2;23.7:2;23.7:2;23.7:2;23.7:2;23.7:2;23.7:2;23.7:2;23.7:2;23.7:2;23.7:2;23.7:2;23.7:2;23.7:2;23.7:2;23.7:2;23.7:2;23.7:2;23.7:2;23.7:2;23.7:2;23.7:2;23.7:2;23.7:2;23.7:2;23.7:2;23.7:2;23.7:2;23.7:2;23.7:2;23.7:2;23.7:2
169;0:1;0:2;0.4263:1;0.8944:1;1.3626:1;1.8307:1;2.2989:1;2.767:1;3.1709:1;3.5305:1;3.8909:1;4.2516:1;4.5106:1;4.7559:1;5.1763:2;5.5816:2;5.9164:2;6.2655:2;6.6435:2;6.9955:2;7.3195:2;7.6435:2;7.9674:2;8.2537:2;8.5291:2;8.8044:2;9.0798:2;9.3552:2;9.6306:2;9.906:2;10.1794:2;10.4493:2;10.7193:2;10.9893:2;11.2593:2;11.5292:2;11.7992:2;12.0692:2;12.4688:2;12.8737:2;13.2787:2;13.6781:2;14.0615:2;14.4449:2;14.8283:2;15.2384:2;15.6704:2;16.0646:2;16.4425:2;16.8251:2;17.2085:2;17.5918:2;17.9752:2;18.3586:2;18.7419:2;19.1253:2;19.5538:2;20.0398:2;20.5257:2;21.0117:2;21.4023:2;21.7587:2;22.115:2;22.4652:2;22.6272:2;22.7892:2;22.9511:2;23.06:2;23.06:2;23.06:2;23.06:2;23.06:2;23.06:2;23.06:2;23.06:2;23.06:2;23.06:2;23.06:2;23.06:2;23.06:2;23.06:2;23.06:2;23.06:2;23.06:2;23.06:2;23.06:2;23.06:2;23.06:2;23.06:2;23.06:2;23.06:2;23.06:2;23.06:2;23.06:2;23.06:2;23.06:2;23.06:2;23.06:2;23.06:2;23.06:2;23.06:2;23.06:2;23.06:2;23.06:2;23.06:2;23.06:2;23.06:2;23.06:2;23.06:2;23.06:2;23.06:2;23.06:2;23.06:2;23.06:2;23.06:2;23.06:2;23.06:2;23.06:2;23.06:2;23.06:2;23.06:2;23.06:2;23.06:2;23.06:2;23.06:2;23.06:2;23.06:2;23.06:2;23.06:2;23.06:2
170;0:1;0:2;0.4233:1;0.885:1;1.3467:1;1.8083:1;2.27:1;2.7316:1;3.131:1;3.4873:1;3.8437:1;4.2001:1;4.4558:1;4.7156:2;5.1475:2;5.5596:2;5.8836:2;6.2255:2;6.6035:2;6.9555:2;7.2795:2;7.6035:2;7.9274:2;8.2095:2;8.4795:2;8.7495:2;9.0194:2;9.2894:2;9.5594:2;9.8294:2;10.0994:2;10.3693:2;10.6393:2;10.9093:2;11.1793:2;11.4492:2;11.7192:2;11.9892:2;12.3888:2;12.7937:2;13.1987:2;13.5968:2;13.9747:2;14.3527:2;14.7307:2;15.1384:2;15.5704:2;15.9646:2;16.3425:2;16.7205:2;17.0985:2;17.4765:2;17.8544:2;18.2324:2;18.6104:2;18.9883:2;19.4138:2;19.8998:2;20.3857:2;20.8717:2;21.2583:2;21.6093:2;21.9603:2;22.3052:2;22.4672:2;22.6292:2;22.7911:2;22.9:2;22.9:2;22.9:2;22.9:2;22.9:2;22.9:2;22.9:2;22.9:2;22.9:2;22.9:2;22.9:2;22.9:2;22.9:2;22.9:2;22.9:2;22.9:2;22.9:2;22.9:2;22.9:2;22.9:2;22.9:2;22.9:2;22.9:2;22.9:2;22.9:2;22.9:2;22.9:2;22.9:2;22.9:2;22.9:2;22.9:2;22.9:2;22.9:2;22.9:2;22.9:2;22.9:2;22.9:2;22.9:2;22.9:2;22.9:2;22.9:2;22.9:2;22.9:2;22.9:2;22.9:2;22.9:2;22.9:2;22.9:2;22.9:2;22.9:2;22.9:2;22.9:2;22.9:2;22.9:2;22.9:2;22.9:2;22.9:2;22.9:2;22.9:2;22.9:2;22.9:2;22.9:2;22.9:2
175;0:1;0:2;0.4009:1;0.8464:1;1.2919:1;1.7373:1;2.1828:1;2.6283:1;3.0114:1;3.3516:1;3.6917:1;4.0319:1;4.281:1;4.6136:2;4.9916:2;5.3596:2;5.6836:2;6.0255:2;6.4035:2;6.7555:2;7.0795:2;7.4035:2;7.7274:2;8.0095:2;8.2795:2;8.5495:2;8.8194:2;9.0894:2;9.3594:2;9.6294:2;9.8894:2;10.1324:2;10.3754:2;10.6184:2;10.8793:2;11.1492:2;11.4192:2;11.6892:2;12.0629:2;12.4408:2;12.8188:2;13.2037:2;13.6086:2;14.0136:2;14.4186:2;14.8086:2;15.1866:2;15.5646:2;15.9425:2;16.3205:2;16.6985:2;17.0765:2;17.4505:2;17.8015:2;18.1525:2;18.5035:2;18.9138:2;19.3998:2;19.8857:2;20.3717:2;20.7583:2;21.1093:2;21.4603:2;21.8052:2;21.9672:2;22.1292:2;22.2911:2;22.4:2;22.4:2;22.4:2;22.4:2;22.4:2;22.4:2;22.4:2;22.4:2;22.4:2;22.4:2;22.4:2;22.4:2;22.4:2;22.4:2;22.4:2;22.4:2;22.4:2;22.4:2;22.4:2;22.4:2;22.4:2;22.4:2;22.4:2;22.4:2;22.4:2;22.4:2;22.4:2;22.4:2;22.4:2;22.4:2;22.4:2;22.4:2;22.4:2;22.4:2;22.4:2;22.4:2;22.4:2;22.4:2;22.4:2;22.4:2;22.4:2;22.4:2;22.4:2;22.4:2;22.4:2;22.4:2;22.4:2;22.4:2;22.4:2;22.4:2;22.4:2;22.4:2;22.4:2;22.4:2;22.4:2;22.4:2;22.4:2;22.4:2;22.4:2;22.4:2;22.4:2;22.4:2;22.4:2
180;0:1;0:2;0.4001:1;0.8402:1;1.2803:1;1.7203:1;2.1604:1;2.6005:1;2.9782:1;3.313:1;3.6477:1;3.9825:1;4.2262:1;4.5136:2;4.8916:2;5.2596:2;5.5836:2;5.9255:2;6.3035:2;6.6425:2;6.9395:2;7.2365:2;7.5335:2;7.8095:2;8.0795:2;8.3495:2;8.6194:2;8.8894:2;9.1594:2;9.4294:2;9.6894:2;9.9324:2;10.1754:2;10.4184:2;10.6793:2;10.9492:2;11.2192:2;11.4892:2;11.8629:2;12.2408:2;12.6188:2;12.9968:2;13.3747:2;13.7527:2;14.1307:2;14.5086:2;14.8866:2;15.2646:2;15.6425:2;16.0205:2;16.3985:2;16.7765:2;17.1505:2;17.5015:2;17.8525:2;18.2035:2;18.6138:2;19.0998:2;19.5857:2;20.0717:2;20.4384:2;20.7624:2;21.0864:2;21.4052:2;21.5672:2;21.7292:2;21.8911:2;22:2;22:2;22:2;22:2;22:2;22:2;22:2;22:2;22:2;22:2;22:2;22:2;22:2;22:2;22:2;22:2;22:2;22:2;22:2;22:2;22:2;22:2;22:2;22:2;22:2;22:2;22:2;22:2;22:2;22:2;22:2;22:2;22:2;22:2;22:2;22:2;22:2;22:2;22:2;22:2;22:2;22:2;22:2;22:2;22:2;22:2;22:2;22:2;22:2;22:2;22:2;22:2;22:2;22:2;22:2;22:2;22:2;22:2;22:2;22:2;22:2;22:2;22:2
